fid,Yield
56763,13967.72725
56797,15837.06258
56830,15956.20478
56814,15059.82211
56336,13662.13727
56322,14177.7871
56360,15367.95696
56414,15590.38499
56396,16629.33094
56444,15047.54131
56478,13431.72652
56462,14869.58313
56539,14107.97148
56513,14412.61232
56553,15704.68974
56548,15706.65296
57111,15217.10808
57144,15070.20507
57132,15281.34461
57183,14423.1247
57155,14957.35369
57204,15319.9551
57187,14934.08022
57239,16006.3694
57276,15895.10077
57262,14408.13137
57297,14879.94533
57280,15187.20349
57313,14714.8977
56855,14937.72261
56874,15324.48813
56925,15406.63411
56899,15266.24092
56937,14971.42756
56977,15435.07402
56966,15375.97001
57013,13818.98584
57033,14557.36224
57083,15656.68205
55579,15431.19949
55552,16226.46132
55615,16110.76923
55590,14890.19864
55630,13790.05565
55648,14287.0105
55692,15637.21636
55723,14667.41756
55763,13408.35927
55759,15157.77315
55795,15922.70455
55781,14304.54645
55308,14453.65103
55358,15655.20808
55331,15429.48146
55409,14751.01764
55404,15223.31713
55433,14694.5655
55480,14517.43075
55459,15038.6676
55504,14157.22034
55494,14836.10171
55530,16089.64051
56095,16161.58028
56078,15771.49516
56114,15326.13324
56145,15359.36106
56185,15776.23421
56172,14253.85413
56196,13453.0475
56241,14642.23473
56231,15186.25746
56279,14233.24815
56318,13748.197
56294,15363.63879
55821,15580.73467
55863,14490.63577
55900,14896.87205
55882,14430.87802
55913,13577.75288
55964,15207.14346
55994,15854.42834
55982,15169.16722
56017,14575.25855
56057,13771.71897
56043,14852.1655
54538,15863.65637
54580,15459.22936
54608,15913.86792
54653,15221.60186
54626,15189.54922
54679,14645.21679
54705,14880.23342
54694,16215.32916
54720,16561.25685
54783,15730.22661
54294,13285.40265
54323,14172.24784
54310,15822.89588
54357,15163.16358
54342,15198.14344
54388,14833.52627
54373,15464.00142
54412,16624.02604
54452,15809.11603
54489,15579.56616
54473,16679.30306
54512,17335.34547
54500,17294.33322
55059,16254.36408
55090,15504.11343
55134,15175.89842
55152,15104.47469
55137,15276.72664
55190,14661.43926
55173,13971.97181
55223,14261.64725
55251,15520.5445
55288,15907.80914
55287,15119.26041
54809,14583.06377
54796,13770.30329
54823,14263.10333
54861,15269.50327
54911,15140.57726
54891,14832.97033
54938,14137.83062
54919,15270.48662
55002,15796.63674
54985,14470.65639
54982,14826.10476
55021,15741.99986
53523,14467.2232
53509,13664.89051
53546,14973.27413
53592,15580.26899
53576,15329.5459
53618,15363.46437
53659,15522.65138
53642,15667.93352
53695,15101.97172
53671,14452.51578
53697,14431.55746
53272,15277.75431
53260,15656.624
53299,16091.00215
53336,16311.15116
53313,15692.21148
53361,15628.33255
53346,15321.08268
53394,14498.21053
53436,13081.06299
53423,12219.66566
53461,13860.35948
53488,15027.68131
54044,13731.84971
54027,13102.72006
54058,14193.5791
54109,15323.88496
54093,14166.64978
54130,12773.74974
54117,14185.73957
54202,15733.80728
54189,15418.66974
54235,14044.28383
54219,13070.96677
54257,13470.33621
53787,15027.99508
53762,15900.19131
53814,16195.36821
53849,15769.40445
53838,15764.00703
53876,15087.47152
53857,14552.27046
53907,14203.78481
53945,14119.40861
53930,15659.70181
53981,16640.87745
53959,15762.52802
52508,14234.89303
52484,15154.76161
52520,15872.38568
52574,15173.92485
52547,14898.69753
52584,15519.57801
52634,15460.86488
52623,14090.55026
52651,14490.86382
52693,15298.75464
52678,15034.02446
52712,15666.61896
52254,15043.13501
52239,15084.73649
52264,15812.96381
52314,15661.59449
52296,15043.51769
52340,14812.90587
52376,15902.91982
52360,15190.80973
52402,13341.07359
52433,13808.8976
52467,15528.60884
52450,15669.33324
53003,15623.295
53051,16042.90113
53081,16136.82737
53066,16164.80229
53114,15770.34651
53111,15893.49018
53144,15886.88509
53121,14488.96164
53168,12829.70206
53153,13593.29845
53187,15018.78488
53237,14984.23786
52764,15010.50095
52736,15513.21901
52798,15647.79416
52772,15040.75267
52810,15097.1215
52850,15965.19439
52839,16361.13781
52875,14527.52323
52919,14167.35504
52903,16364.18065
52951,15103.66817
52988,13879.36447
52960,15726.68889
51487,16386.62782
51512,16097.38512
51503,15555.14723
51532,15561.13228
51560,16329.37318
51608,16596.02128
51607,16180.10849
51635,15435.42832
51674,14582.33491
51652,14454.54353
51689,15834.80905
51227,15196.28927
51208,14761.93847
51257,15496.38823
51246,15472.04357
51282,15614.90741
51279,14830.3268
51311,15141.12575
51358,15893.57724
51332,15919.41625
51370,15914.1964
51421,15577.08945
51407,15069.60871
51432,15217.29509
51984,14881.09009
51973,14443.96783
52020,15573.66192
52059,16156.72142
52037,15404.01039
52083,15431.16908
52070,16171.19805
52096,15720.98439
52149,14438.67015
52190,14638.771
52162,15374.48178
52210,14404.69272
52194,14384.90185
51734,15327.24809
51774,15711.73207
51744,16203.03688
51793,16174.29241
51783,16145.71987
51831,15516.37195
51865,14763.16389
51898,14847.46203
51883,14091.92765
51923,14517.97902
51911,14860.50391
51946,14400.41857
50450,14608.3504
50438,14954.08518
50466,15595.69016
50508,15667.54993
50544,15675.2701
50542,15859.24875
50591,15898.18147
50571,15863.25691
50609,15828.93568
50598,16004.72459
50639,15700.68774
50672,14641.66888
50661,14896.42653
50198,15946.1841
50234,16518.94527
50217,16417.53945
50270,15374.80278
50296,15173.03009
50295,15721.71759
50324,15809.2691
50364,16204.65467
50349,15254.25295
50386,15154.03366
50373,16230.74437
50415,15850.84964
50967,15934.81163
50949,15746.30829
50998,15719.44661
51039,16213.35771
51011,15705.0032
51057,15896.43641
51092,16473.49637
51133,16198.06094
51108,15903.56747
51151,15528.14265
51198,16093.33149
51179,15409.49771
50713,14952.69065
50696,16225.59152
50747,15454.44079
50721,14322.75592
50769,15100.53383
50808,15902.32573
50806,15924.99974
50847,15454.60087
50830,15513.87886
50861,15606.22845
50902,15212.01778
50884,15934.80864
50914,16634.24077
49431,16470.9172
49413,15113.0361
49451,15139.98701
49488,14228.2767
49479,13049.73389
49517,15282.23783
49554,15119.76762
49595,13607.33353
49628,13725.9925
49602,15332.57571
49650,15438.77207
49635,15273.86933
49166,15820.76431
49200,13626.99882
49190,14128.72753
49227,16434.5793
49278,16314.09186
49261,15622.24453
49298,14733.60948
49342,14278.79401
49326,13940.21533
49374,14221.80709
49354,15347.49046
49406,15456.58021
49390,15680.32158
49938,14209.97464
49983,14376.18861
49967,16598.10118
50003,14374.80845
50033,12912.7322
50031,15536.79899
50058,16685.45768
50105,15923.61524
50103,14952.22232
50131,14109.8534
50118,15136.29005
50167,16249.27791
49693,15738.36959
49665,15555.71727
49706,15824.74829
49755,14926.24369
49786,13111.54839
49768,14177.40271
49817,16888.36661
49793,16968.44511
49843,15760.8388
49880,14468.29259
49866,14510.12693
49919,15109.64378
49895,14053.94698
64779,13258.77433
64819,14927.01822
64804,16079.14735
64852,14052.05716
64839,13561.76496
64879,15861.66446
64904,15634.81966
64959,14350.18364
64943,13971.30277
64979,13855.55278
64965,14091.55771
65013,15265.62902
64541,14330.27359
64513,13863.9685
64563,15361.93836
64551,15963.99892
64599,15781.81296
64631,14466.89212
64659,14328.14331
64647,14178.92307
64674,13646.35578
64707,14221.56074
65300,14144.99235
65285,13326.11308
65327,14741.1458
65436,15830.32641
65466,13899.44481
65449,13472.66644
65500,14943.12968
65482,15818.81713
65533,15878.2172
65504,16348.14001
65104,14828.53112
65145,12964.26782
65130,14233.85299
65178,15744.07138
65160,16384.55268
65211,14933.39871
65186,14534.995
65235,15868.94829
65221,15491.34515
65268,14628.27178
63773,14745.66831
63757,15247.37338
63785,15354.5681
63865,14864.39262
63898,15674.74722
63884,17067.43332
63921,15904.28765
63910,15423.60624
63940,16266.60151
63988,16145.16126
63543,16667.40019
63575,15525.34344
63558,14606.52593
63589,16256.42564
63635,16771.30796
63678,16592.33001
63653,15970.40022
63691,14802.83195
63742,14323.64637
63716,15289.29417
64269,15616.5328
64305,15536.80264
64291,15006.51324
64341,14008.154
64382,14622.83758
64412,14864.86488
64389,14233.90553
64469,15300.82134
64501,15936.69753
64016,15182.59555
64005,14906.08668
64040,14526.72709
64091,14545.42002
64066,14884.42766
64158,14670.35187
64169,13762.10239
64214,15030.89498
64251,16630.12405
64238,16639.40676
62751,15579.11189
62722,14343.3372
62775,13911.08422
62809,12925.99425
62793,13450.41044
62842,14394.90621
62819,14644.58755
62870,15179.57613
62854,14158.13147
62942,15258.39681
62957,16024.58756
62483,14711.44599
62466,14388.28334
62516,13649.89418
62547,14206.852
62530,15165.13054
62570,14532.37333
62646,15333.02321
62675,16538.34394
62661,16323.7398
62711,15422.61597
63256,14571.27463
63255,15119.08139
63283,16162.41216
63267,16684.39761
63318,16498.96679
63354,16751.47905
63330,16103.97608
63391,16029.43335
63361,15420.51741
63415,14155.85224
63449,14572.09332
63428,14709.97992
63470,14545.05105
62994,14580.50065
62982,15870.77951
63017,15684.46644
63070,15184.12955
63044,14908.36659
63080,14463.48862
63134,13941.12858
63107,14157.8703
63156,15520.70727
63142,15383.64988
63172,14246.39331
61748,14685.05466
61731,15271.49562
61781,14744.08992
61822,15033.69249
61796,15964.05972
61838,15802.8608
61875,14936.32205
61862,14663.0836
61897,15055.50225
61936,15400.1503
61925,14598.63554
61448,14399.98063
61498,15563.34229
61486,16520.95223
61534,15133.5445
61510,15175.88327
61548,15438.62818
61597,14277.78338
61574,14834.6854
61608,14973.0013
61652,14629.67163
61682,14502.28682
61670,13758.16481
62218,13552.68093
62261,13166.17128
62280,13313.24652
62335,15484.26557
62358,15308.67034
62392,14178.37733
62382,14503.41885
62420,15181.55508
62403,16155.33326
62451,15897.90767
61968,14557.28772
61958,14468.4455
62033,15646.37425
62079,16156.50594
62063,15789.68339
62097,15436.19863
62086,15635.04583
62112,16071.97896
62153,15980.86423
62201,15248.14117
62182,14804.18254
60694,14240.28466
60677,13878.06924
60709,14251.53011
60747,13901.67655
60785,13502.2992
60773,14955.5233
60847,16229.68616
60882,15023.05812
60914,14582.67869
60441,14732.80996
60420,13899.93706
60469,14719.57609
60494,15476.90379
60566,15583.70178
60550,16219.54473
60595,16390.90566
60583,15749.08675
60631,15414.33737
60661,14943.4538
61210,15118.63234
61195,15794.25295
61233,15693.89268
61221,15633.9825
61258,15169.49126
61308,14818.30343
61285,15932.05946
61332,14541.10636
61373,13119.54885
61344,14332.91313
61435,15774.77307
60939,15812.9492
60990,14795.79752
60965,14361.37737
61007,13974.56942
61045,14198.35681
61030,13089.928
61076,12422.27149
61089,14327.56473
61143,16321.15025
61175,16964.1018
59672,17043.79973
59657,16728.31268
59694,15413.17473
59731,15302.79434
59715,16656.95687
59758,15891.23167
59792,13986.70927
59835,14095.64944
59822,15420.2017
59860,14541.72787
59845,13418.74607
59880,14550.69774
59408,14523.85757
59448,14536.70752
59436,15405.60835
59474,14999.35315
59456,15403.3001
59518,16027.72801
59492,14718.51008
59538,14269.17349
59526,14456.11285
59555,14551.1895
59596,14377.65402
59620,13795.59278
60171,14876.62628
60200,15660.6664
60199,14127.05641
60272,13846.91121
60312,15438.31207
60294,15104.71251
60332,14392.16963
60380,15106.05258
60365,14934.2279
60402,14457.59123
60388,15623.7948
59955,15597.44443
59979,14987.14219
60020,15533.61061
60005,15217.61344
60041,14726.6995
60091,15751.18667
60067,15453.41903
60118,14871.19805
60103,15901.00747
60150,16273.4712
58649,16222.21265
58627,14566.33574
58679,13292.4446
58708,13343.98676
58691,13794.69297
58738,15306.13756
58808,15895.57738
58796,16192.86835
58841,16150.39712
58831,15234.18743
58865,14178.6667
58397,14068.25852
58380,14637.3877
58409,14427.80066
58457,15061.09496
58443,15857.70647
58521,15739.5467
58508,16076.6354
58559,15985.48914
58529,14890.3843
58581,14627.7586
58566,15111.04503
58606,15000.02239
59164,14827.32107
59142,15521.78086
59190,16239.33473
59229,16123.15008
59200,14334.62252
59263,14092.93209
59234,15704.92715
59274,15340.34075
59323,14528.42012
59309,14698.66143
59391,16144.15179
59367,16492.48605
58889,16052.09986
58937,15763.4113
58926,13898.07709
58973,14227.21547
58944,14829.58764
58996,13710.02161
58976,13682.87561
59039,13466.37141
59012,14848.12693
59094,16912.38765
59079,17279.99105
59104,14936.00408
57604,14388.75033
57651,16194.03048
57680,15722.14459
57666,15556.93676
57698,15068.56086
57747,14825.96171
57734,15235.7108
57781,14498.42643
57818,14963.93542
57797,14892.31897
57825,14932.78701
57366,16006.66374
57393,15490.9007
57377,14708.20454
57431,15233.63103
57413,14913.15452
57461,14378.45273
57499,15621.1754
57473,15811.69846
57535,15620.70924
57508,16668.58949
57558,15942.3318
57595,14686.27252
57576,15256.88561
58142,14253.86035
58118,13954.97138
58146,15640.16839
58231,16227.26386
58268,15891.64703
58242,15450.78453
58288,15654.76639
58272,15689.04195
58322,15543.33628
58305,15346.84015
58352,15557.05534
58341,15078.90611
57864,14266.1794
57861,15062.45118
57950,15820.56151
57927,15583.06794
57972,15724.38607
57959,15149.36474
58007,14885.1444
58041,14937.21693
58031,14535.85112
58066,14067.13458
58107,13813.35735
40217,15882.49715
40203,15732.19802
40246,15624.65454
40287,17018.76064
40263,15189.12692
40296,14066.90642
40295,15152.08903
40335,16268.44596
40360,16578.4576
40408,15815.3566
40394,14097.79492
40443,14588.00199
40424,15693.27851
39963,15838.47874
39950,15630.31145
39989,14976.82041
39975,16192.69393
40012,16135.92001
40044,15381.49401
40090,15611.23382
40076,14885.15647
40115,14569.61533
40156,14614.85147
40128,14549.74166
40176,14918.0035
40160,16015.04806
40722,16211.50105
40762,15724.23556
40746,16219.50489
40792,15132.87259
40776,13226.48766
40830,14542.89086
40814,15891.00447
40848,15589.14526
40839,16209.77561
40876,15576.22323
40914,13507.6841
40902,13481.30367
40936,15980.32722
40476,17199.61384
40462,16739.92332
40497,16305.57671
40485,16623.73799
40532,14524.14375
40568,14342.87214
40550,15701.00352
40596,14122.74186
40638,14690.21827
40608,15347.74566
40659,14788.66269
40698,15055.99087
40682,14591.81172
39195,14363.82885
39182,14101.69313
39208,14539.13904
39262,16045.96116
39237,15761.39008
39276,15382.6078
39315,16295.64744
39354,16831.7316
39342,16437.65162
39376,15980.86354
39373,15982.75646
39406,14998.03957
38935,14860.74103
38916,15878.63674
38953,15961.05068
39001,16254.26104
38979,16650.55956
39029,16818.28612
39068,16420.83836
39051,16029.52589
39089,15804.68414
39087,14988.37236
39124,15906.98274
39160,16188.81849
39709,16020.05067
39684,16793.06847
39770,16764.66242
39756,16258.16397
39794,14881.09049
39780,14890.44165
39830,14995.08969
39868,15191.45769
39851,15348.72233
39901,14906.75196
39882,15623.30629
39915,15410.83619
39452,15837.8487
39424,15456.28494
39466,14225.63577
39514,15556.09875
39499,15762.4448
39535,15890.53172
39582,16464.77213
39567,16404.5109
39586,15472.42944
39645,15240.72483
39618,15579.79423
39660,15796.33211
38172,15244.99991
38159,15511.09202
38187,14583.85134
38218,13860.35343
38257,15856.41739
38243,15366.42897
38286,15459.39858
38327,15918.51029
38354,15290.09305
38340,15806.20109
38379,14933.35461
37902,14386.84144
37949,15767.15322
37921,15119.8226
37964,14303.77119
38000,14357.34664
38034,15149.8061
38073,16118.8414
38070,16394.79361
38096,15459.15541
38085,15728.02406
38120,15527.6291
38674,15047.83112
38712,15973.85418
38699,16002.5699
38741,15845.53552
38783,15760.73981
38809,15749.01715
38794,16151.45271
38834,16632.57956
38831,16203.14397
38878,15874.23689
38853,15513.10025
38880,14803.14589
38412,15372.91346
38443,16025.18688
38495,16102.54377
38467,16084.36255
38515,15142.90594
38552,15298.07558
38542,16414.41435
38572,16316.01826
38610,15686.40814
38596,16308.03734
38640,16479.97667
37144,15381.17853
37131,15347.21725
37169,16256.42885
37203,14931.56155
37185,15093.84722
37218,16860.06573
37267,16239.66624
37304,16377.59531
37288,17175.11419
37342,16597.23331
37361,16104.49922
37351,15272.74287
36864,13170.09692
36917,14478.76329
36956,16118.63921
36942,15949.21272
36970,16041.47739
37018,16174.1337
37007,16235.92748
37041,16348.82017
37080,17015.37436
37065,16608.38688
37096,15600.22044
37648,14540.18444
37636,15235.1185
37675,16110.17907
37721,15258.59607
37752,14734.74839
37750,15067.97088
37789,15423.03574
37762,16004.7848
37814,17013.78296
37855,16656.01757
37829,15979.49699
37878,16064.28475
37405,16063.83637
37391,16377.32792
37417,16171.99087
37467,14896.45967
37445,14662.00035
37493,14973.47939
37520,14389.69806
37508,15031.15398
37544,16684.22121
37586,16700.35513
37619,16731.24637
37606,16625.0837
36110,14375.24896
36143,14612.31917
36188,16251.86363
36175,16665.40831
36209,16518.05985
36198,15267.24996
36234,15957.17533
36273,15911.70359
36262,15600.12992
36311,15575.57312
36347,14563.04744
36330,15703.46346
35858,16008.5109
35847,15782.84564
35882,16371.03489
35932,16420.24017
35904,15818.85209
35965,15666.25451
35940,16041.6275
35987,16714.34596
36024,17068.23655
36009,16361.17623
36057,16287.20999
36047,15688.19603
36073,15728.7724
36637,14300.13501
36667,14395.01804
36696,16151.2274
36682,16386.07666
36722,16454.59834
36718,16055.89516
36747,15887.11859
36786,15856.90333
36827,16904.49233
36808,15832.14778
36849,15143.10377
36837,16005.3535
36362,13991.20383
36405,14133.75017
36440,16193.04156
36430,16458.20151
36464,16788.81721
36460,15408.23275
36496,14459.64712
36492,16136.53969
36532,17071.35273
36568,17085.57647
36551,15867.30218
36588,15276.01853
35088,15486.49812
35075,14775.22613
35118,15480.2663
35156,15280.17504
35198,13500.96151
35182,14025.53486
35221,16334.81749
35257,15584.23436
35288,15119.9639
35274,16469.75965
35322,15550.2355
35305,14516.71002
35303,15432.14597
34829,16062.82722
34867,15197.51117
34855,15216.10893
34888,14611.08333
34941,13915.68719
34925,15708.21314
34974,16679.66868
34956,16778.15878
35006,17093.25098
34991,15684.41072
35037,15506.4019
35008,16301.98096
35062,15654.3649
35610,16022.04074
35598,16495.03032
35646,16348.29484
35673,16222.07908
35663,15647.89243
35710,15586.84429
35680,16253.88033
35730,15523.82842
35713,15835.70367
35758,17048.18233
35792,17200.03418
35783,16434.97209
35831,15609.97275
35352,16166.22348
35339,16215.78585
35387,15549.5092
35375,15722.20759
35413,16452.6143
35449,15829.23183
35438,15468.22679
35478,16653.1207
35505,17124.50328
35494,16568.24185
35533,15408.81234
35570,14552.11102
35559,15243.02536
34061,15697.64527
34099,14835.04188
34136,14343.91969
34122,15477.26462
34172,16705.813
34155,16844.88471
34151,16457.7017
34184,16337.09583
34237,15953.60143
34267,15839.82836
34262,15739.90829
34298,14850.10909
34279,15593.10637
33801,16004.01798
33855,15210.78564
33825,15285.54088
33875,14961.06003
33860,14584.41044
33901,13555.92554
33940,13969.80827
33924,16038.55128
33975,16692.97603
34011,16944.51504
33999,16852.95478
34047,15220.91961
34022,15202.35159
34572,14996.28641
34614,14571.11334
34641,15054.98061
34680,14354.90125
34666,15091.19935
34716,15930.70813
34690,16189.57586
34743,15217.82423
34778,14593.61099
34766,14887.73426
34812,14821.28675
34785,16173.13198
34312,16833.95917
34359,15736.76062
34392,15419.73863
34382,15469.43454
34408,15440.95179
34461,16024.72385
34436,16374.92412
34474,15540.79106
34524,15424.51272
34500,14945.10985
34536,14679.28191
33052,14853.92935
33026,15002.80801
33066,15815.18504
33108,16137.26475
33092,16223.07084
33127,15867.63179
33174,15931.33456
33209,16520.40775
33193,14953.41608
33242,15083.74652
33225,17194.18233
33274,15021.14194
33251,14415.04723
32790,14587.7521
32828,14738.13894
32804,16453.20657
32840,16608.61192
32838,16886.63065
32865,16405.93105
32916,16102.37773
32955,14274.47252
32984,14011.4047
32973,16718.63264
33008,17460.87546
33007,17035.66105
33552,15984.99036
33596,15626.37548
33570,15955.67105
33611,16212.35365
33660,15473.91151
33645,15132.66985
33695,15830.7494
33664,16165.12962
33717,16764.037
33744,17052.78768
33742,14823.65337
33771,14680.52818
33289,16215.19785
33328,14749.00922
33369,14147.16789
33347,15110.78069
33387,15705.99552
33436,16091.83096
33408,16309.10665
33468,16419.0761
33455,16504.60308
33494,16856.79597
33534,16025.83708
48412,14568.37578
48385,14745.9665
48427,16177.50339
48475,16728.77869
48458,16383.54852
48503,15456.49803
48532,13903.83746
48568,14080.34055
48558,14545.72343
48597,14812.77185
48635,14899.40175
48612,14097.75024
48134,15180.56806
48173,17038.59167
48220,16913.5194
48199,16672.80422
48231,15499.02826
48265,13285.23909
48316,13300.30956
48288,14935.38826
48328,15511.37909
48380,15937.34528
48353,15805.83713
48909,13604.47353
48951,14593.06359
48991,16382.5104
48962,16531.75663
49002,15892.63439
49055,15624.08513
49024,15797.78958
49068,13384.29925
49104,13631.78188
49092,15394.65112
49140,14188.38187
48658,14274.55523
48698,15505.34285
48680,16214.0754
48733,15915.19066
48710,16090.32396
48747,16131.16762
48789,14446.85754
48820,14982.78838
48856,14795.62011
48844,15192.91692
48884,15248.68278
48868,13886.70813
47372,14094.92982
47419,15336.95446
47407,16077.6861
47447,15005.06411
47428,14697.79901
47469,14527.28536
47504,14684.71597
47493,15872.18172
47542,14560.08242
47525,15078.42326
47574,14669.83222
47600,13533.80122
47590,15005.0505
47122,14317.72321
47105,14137.04898
47156,15726.07878
47195,16634.35159
47172,15080.59945
47209,13659.70712
47263,14576.88385
47234,15954.51966
47281,16044.07118
47271,15983.15452
47303,15469.77096
47896,15044.80556
47895,16115.79907
47935,16516.06821
47911,14994.49565
47944,15077.64807
47993,16365.23318
47982,15417.13876
48021,14482.85129
48007,14040.84866
48042,14720.12766
48092,15329.25729
48123,16049.40229
48102,15044.34844
47626,13754.12963
47678,15154.27526
47649,14901.79448
47691,14214.12402
47742,14308.17695
47768,15045.78939
47753,15761.03108
47800,14367.08483
47787,15172.69017
47839,16261.45864
47810,14360.03803
47869,14418.74814
47854,16236.30705
46344,16925.88466
46398,16570.44399
46382,14985.54717
46420,15085.76971
46405,15954.55759
46452,15122.22844
46438,15041.61072
46479,15085.69987
46506,14476.09063
46548,14496.68818
46535,14666.34637
46569,14983.72163
46103,16079.99022
46087,16405.06845
46126,15697.30282
46172,14734.32928
46157,14958.3834
46196,15474.85113
46182,15539.35717
46218,15421.13234
46266,15680.1924
46251,14224.59742
46290,12992.13599
46320,13824.8147
46307,15746.09891
46868,15663.91618
46849,14408.13664
46897,15861.868
46884,16680.67871
46922,15936.51279
46969,13808.00503
46956,13614.81493
46992,14474.9171
46979,14449.0415
47031,15538.81632
47056,16381.12263
47044,14522.56175
47081,14618.10341
46622,16841.48642
46605,16411.05619
46640,15321.69976
46681,15644.2308
46657,16106.04335
46710,15929.89278
46745,15082.40062
46733,15301.77621
46781,16191.81226
46759,15589.76614
46793,14869.04654
46833,15171.07795
45340,16365.67702
45326,17034.25577
45361,17198.36128
45348,15886.54106
45387,14370.32362
45430,14605.20139
45458,15673.64003
45440,15243.51527
45494,14469.33304
45528,13277.42901
45514,13303.71067
45552,14662.67976
45543,15687.96793
45067,15950.89764
45106,16090.07472
45093,15833.07752
45130,14198.17428
45160,14826.01875
45210,15948.75418
45190,15356.65299
45225,14996.97735
45274,15274.22076
45262,15318.27928
45297,15514.02677
45284,16314.51021
45847,16647.73912
45880,15669.15016
45913,14735.76302
45895,15039.93902
45940,15345.47706
45935,15610.81049
45970,15698.48821
45956,15295.73338
45984,14292.88895
46025,15022.51534
46078,15024.90861
46050,14885.96937
45591,15858.16065
45574,16099.46066
45610,16421.05299
45655,15654.13042
45694,15241.36942
45722,15940.7045
45705,15979.84549
45741,14271.23392
45772,14269.15647
45808,14780.14978
45799,14766.60174
44296,14797.59555
44348,14228.33768
44380,14981.75172
44366,15680.36723
44401,14627.52596
44391,14385.43027
44417,15083.77098
44462,15574.99724
44488,16654.8659
44542,15993.09745
44519,15647.4048
44044,14350.32586
44094,13355.53604
44121,14121.48358
44101,14528.34187
44138,15283.94847
44190,15534.07563
44173,15513.21799
44204,14893.33772
44252,14627.60042
44235,15041.02875
44285,15494.89897
44270,15490.70219
44816,16187.40958
44804,16866.75045
44833,15963.48234
44874,15586.04131
44922,15018.50322
44908,14818.04885
44957,15376.36637
44986,15018.74465
44960,15231.22247
45003,15193.22279
45042,15377.77716
45037,16097.9495
44575,15905.33289
44558,15347.52943
44584,15841.00341
44626,15985.4838
44667,15483.5886
44652,15341.86026
44698,15088.12989
44686,15078.69861
44715,14988.4568
44752,15618.52629
44796,15796.60752
44771,15668.2852
43282,16798.45487
43266,15040.50099
43306,13760.63564
43357,14904.53942
43384,14607.41164
43369,14058.04249
43419,14871.227
43401,15386.60106
43397,14678.22874
43447,14648.65636
43477,15171.54198
43515,16135.4994
43502,16883.66315
43024,17142.13468
43009,15541.39007
43060,14836.3843
43101,16704.23536
43072,16761.21568
43134,15275.1794
43118,15030.02229
43159,14124.6172
43192,13596.89794
43180,14724.26166
43217,14977.09913
43202,15422.81254
43240,15902.06962
43806,13999.3737
43836,13136.09476
43866,14545.75433
43842,15174.0428
43888,15360.69777
43929,15028.42971
43919,15410.23955
43959,15663.26549
43987,15918.81318
44023,16656.34322
43538,14422.67115
43575,13290.58015
43605,15823.69189
43590,15814.20498
43638,15109.52453
43622,15455.6173
43658,15133.85166
43708,14806.1074
43685,14916.0664
43726,15304.81103
43767,14541.02854
42256,14239.92123
42247,15130.77917
42284,15397.51193
42332,15844.29942
42305,16211.20219
42358,15117.82212
42386,14434.64521
42430,15649.40876
42403,15840.84418
42449,14754.04661
42437,14684.03994
42472,13876.08344
42010,12447.55723
42007,14075.82589
41987,16583.63862
42032,15715.86653
42021,15517.18394
42057,16117.07462
42108,15265.66134
42081,15132.07634
42135,14957.19917
42162,13408.2818
42151,13617.21828
42185,15611.23325
42228,15560.97941
42214,13762.46291
42775,14823.98252
42808,15202.8926
42784,14045.55707
42837,14985.52994
42821,14925.47568
42860,14249.99443
42898,15002.24157
42883,14223.7246
42930,13592.57698
42919,14689.42976
42965,14605.51589
42948,14934.92597
42998,15623.47092
42983,15750.41705
42506,16263.43696
42555,15770.18569
42589,15000.27007
42567,15268.52751
42592,15358.71635
42625,15197.04897
42676,14960.68299
42657,15269.31058
42707,15720.05491
42744,15580.22179
42732,14509.89412
41233,15010.81148
41274,15974.6238
41261,16126.4135
41310,15469.75576
41285,15565.19603
41320,16190.98908
41364,15804.58774
41400,15811.26046
41389,15923.50951
41431,15633.9108
41469,15011.34473
41442,15623.65701
40991,14555.30548
40966,14276.55
41012,15658.95801
41007,14863.07136
41037,14907.31898
41085,15744.23887
41057,15378.39246
41107,13395.64506
41089,13914.75317
41139,15836.6165
41171,14635.41938
41157,14711.6268
41206,14931.80877
41754,14804.07747
41730,16172.13923
41776,16633.89079
41774,16004.69721
41813,15771.1919
41840,16333.15909
41829,16046.90527
41860,15350.36737
41899,14967.76941
41940,15524.35754
41982,16234.25039
41966,14639.66642
41490,14415.89175
41530,15722.64635
41504,15202.9387
41554,16023.467
41540,16722.18181
41582,14241.53735
41631,13661.56482
41663,15421.2886
41690,14758.00082
41676,15060.86132
41726,15232.5943
41701,13190.31558
23818,14779.37902
23861,16717.71939
23896,14901.92445
23886,15025.38962
23934,16328.91037
23919,15801.91778
23955,15646.22134
23995,15541.01344
23981,15641.36827
24020,16258.68627
24005,15071.26195
24054,14318.69613
23569,15960.44178
23608,16863.78468
23590,15941.09096
23631,15916.77947
23664,15923.55613
23705,15083.28322
23694,15563.06167
23733,16003.93762
23719,16143.10054
23766,16560.85624
23792,16911.75004
23778,16667.85915
24351,15335.19207
24327,15436.26489
24363,15645.6758
24403,15254.53474
24436,16178.60019
24422,15561.36127
24463,14084.68931
24498,14672.34022
24484,15653.99175
24523,14725.25849
24567,12823.07926
24088,13105.096
24075,15729.61801
24125,16797.06359
24107,16510.10088
24103,16732.09313
24136,16640.73929
24178,15889.908
24217,15610.93702
24202,15448.19742
24247,15293.38715
24231,16075.11612
24269,14867.35483
24308,14813.93949
22812,16654.99101
22790,17101.75583
22833,16947.95449
22822,17029.69068
22850,17202.6806
22900,16777.49127
22936,16177.56854
22933,16455.1287
22970,16782.47302
22965,16872.13377
23004,16890.32763
22976,15241.1212
23031,14841.85528
23013,14180.82409
22537,14669.15
22590,16503.24346
22562,16777.24502
22609,16658.72096
22651,16674.49928
22634,16788.76806
22687,16036.10054
22658,15802.46726
22710,16299.18745
22748,16983.37065
22733,16800.73879
22782,16064.38732
22752,15697.78084
23316,16192.81341
23344,16507.50651
23388,16346.20325
23362,16511.14921
23413,16216.37929
23450,16087.96011
23427,16019.48161
23475,16304.13811
23459,16638.9776
23488,16539.01175
23536,16463.56133
23520,14142.37837
23063,14380.70685
23099,16833.33979
23079,16177.09809
23126,16296.72866
23111,17329.44935
23149,16893.27743
23195,16288.55927
23176,16669.70074
23229,16742.06012
23249,15530.92207
23289,15122.18284
23276,15740.68106
21777,15858.2776
21764,16562.21544
21800,16929.46067
21850,16980.40849
21832,17000.04871
21872,16273.57583
21914,16069.62596
21900,16323.14539
21950,16532.96058
21927,16871.49888
21960,16912.77924
21959,16212.37037
21993,14972.77587
21532,13831.68058
21518,15121.13668
21545,16480.36691
21586,16384.72717
21616,16325.18567
21660,15572.12908
21647,15726.4715
21678,15407.40202
21727,14371.91845
21754,14063.59396
21751,15126.61405
22297,14212.00801
22284,14224.01371
22334,16627.35881
22307,17146.67881
22356,16479.69055
22399,15307.72094
22369,15539.54658
22416,15506.80158
22406,15838.37327
22451,16491.10669
22432,16241.48945
22481,16602.78674
22470,16308.04064
22515,15867.21274
22044,16240.55692
22019,16821.1475
22056,16839.27665
22108,16868.568
22092,17023.70862
22135,16731.141
22118,16052.19421
22164,15166.77784
22149,15874.64524
22195,15631.51498
22231,14553.49876
22266,15755.74304
22255,15269.53214
20747,15297.39189
20795,16908.83295
20779,16108.52218
20829,16301.09851
20804,17273.25112
20849,15768.95072
20890,14471.81231
20877,15283.57687
20910,15675.98612
20945,16252.3582
20935,15287.30188
20975,14070.47339
20507,15307.05907
20483,16033.1493
20520,16024.89452
20519,15574.87748
20555,16043.96
20594,16258.59978
20578,14496.66294
20630,15008.83181
20665,16475.14135
20661,16281.61581
20698,16414.63454
20682,15297.95417
20720,14312.22178
20705,13946.22491
21259,15144.11488
21309,17209.58089
21281,17157.40623
21327,16998.82221
21355,16735.25338
21406,15517.37917
21379,15354.63973
21427,15603.89334
21470,15559.1277
21443,14977.66585
21489,13570.58678
21475,14320.37912
21011,16074.93381
20994,16699.82304
21040,16671.85647
21031,16909.09822
21069,16902.85592
21107,16905.02862
21092,16276.08353
21128,15838.63552
21125,15876.7858
21164,15608.33494
21196,14172.96856
21241,13947.13203
21227,14938.13129
19730,14946.49644
19717,15517.1316
19755,14718.09963
19792,14783.64893
19777,16681.07431
19828,16656.79315
19809,15505.52304
19860,15939.25857
19847,16937.11727
19885,16361.3917
19922,15897.73845
19909,14623.68175
19959,14078.12365
19942,15102.90994
19471,15601.80054
19498,14864.04195
19547,13576.19701
19535,15517.93304
19571,15969.49987
19611,14975.09047
19597,16365.43635
19647,16382.54029
19618,15490.42671
19664,16110.20742
19651,14407.75799
19701,13033.04689
19683,14299.53792
20236,15280.90666
20277,16247.20769
20259,15446.42406
20309,14802.54798
20295,15375.61751
20320,14806.67045
20372,15788.28548
20410,17140.38812
20391,16141.10751
20438,16300.34767
20479,15657.96956
20450,14718.65699
19989,15583.72817
19973,15858.02291
20009,15613.38087
20059,15578.61096
20033,15934.45164
20094,15943.37136
20067,16125.10588
20105,17007.13915
20156,17248.97796
20143,16145.2632
20176,15717.88339
20175,14644.31776
20213,13541.53336
20195,14627.20796
18702,15849.22651
18742,16359.89903
18727,16165.54458
18767,15914.80915
18793,14955.45268
18842,15375.23649
18819,16186.11962
18867,16043.74776
18853,15966.8778
18882,14588.98435
18928,14524.95986
18915,14183.33724
18454,14623.99826
18488,16653.73366
18486,16186.08701
18521,15760.52309
18498,16101.94439
18538,14676.34185
18581,14414.27855
18621,16141.42702
18597,16514.8407
18637,14209.06947
18674,13240.28652
19226,14915.62986
19212,16107.4784
19262,15527.46558
19294,15773.17565
19271,16636.97948
19309,15060.20706
19353,14789.77758
19341,15716.6455
19391,16404.93633
19375,16308.93002
19409,15658.54016
19396,16330.5144
19437,16977.40507
18974,16169.07505
18959,16225.868
18994,16796.40701
18979,14457.01972
19030,14698.54984
19066,16909.4397
19055,15423.43006
19090,14655.7111
19129,15760.24778
19163,15985.32567
19150,15750.80653
19198,16268.20366
19179,16827.52748
17693,16192.78833
17666,15943.60225
17719,16319.00791
17748,16415.86331
17731,16454.23054
17781,15610.32609
17762,14294.75646
17808,14730.74293
17797,15546.16066
17846,15424.3423
17873,15346.18423
17857,15623.13939
17899,15474.52431
17424,15386.95317
17408,16382.04419
17451,16471.10999
17490,16273.56612
17521,15863.82336
17561,15660.97095
17536,16253.8651
17596,16980.44181
17573,16770.09134
17608,15950.97914
17652,16196.33798
17635,16362.44737
18199,16285.66193
18232,16587.38491
18219,15904.05262
18271,15856.43398
18252,16305.96802
18299,15564.77156
18272,15102.75776
18333,15265.41666
18315,15023.41445
18354,15935.10348
18341,16052.70393
18375,15578.68621
18409,15663.82201
17937,15019.74251
17926,15401.78029
17954,16388.01131
17992,16345.73297
18040,15855.78998
18039,16194.88501
18079,15954.46588
18053,15516.06274
18102,15369.05736
18140,15059.96582
18115,13471.98279
18161,12569.2501
18159,14347.34172
16660,15378.28906
16646,15967.00438
16684,16934.60833
16722,16498.10325
16763,16140.78999
16749,15860.24202
16777,16034.69347
16826,15676.33903
16812,14670.16772
16860,15442.1156
16838,14754.32137
16874,14483.48142
16411,15372.02244
16384,15905.36159
16439,16463.61303
16477,16783.99159
16449,17079.47543
16498,17087.68685
16485,16426.42131
16520,16111.01935
16572,16257.81625
16558,15220.50257
16597,15361.81247
16581,14696.42946
16617,14418.83193
17176,15733.09385
17162,15840.12935
17214,15805.23196
17189,16167.76952
17236,16427.13198
17218,16686.4681
17266,16583.27567
17307,15680.2067
17287,15887.4623
17322,15735.09396
17368,15681.2473
17354,15410.97692
17403,13323.33078
17391,13976.16063
16927,15519.91686
16958,15683.42279
16934,15672.33974
17018,16223.23649
17003,16972.52578
17055,15655.70076
17038,14821.01363
17067,15004.27496
17118,14907.38987
17102,15255.13097
17144,15868.5012
17123,15712.66354
32011,14896.45641
32059,15156.97264
32032,16527.49866
32084,17466.3673
32123,16908.69421
32108,15267.61111
32147,15764.19514
32186,16597.39303
32173,13937.64174
32209,12467.67235
32250,14854.97004
32231,15935.78609
31754,15166.69586
31803,15890.54777
31788,16460.04316
31835,16529.35354
31822,16916.75285
31849,15829.91856
31891,15757.74526
31931,16877.1943
31910,15872.07206
31945,14800.39436
31997,16036.85706
31980,16810.65716
32531,16298.68241
32519,15889.86841
32555,15662.32583
32592,16210.24428
32576,16359.60126
32631,15193.9824
32667,15303.68225
32648,16986.47326
32703,17225.49457
32687,15752.75653
32721,15928.68691
32708,17264.33677
32746,16886.91768
32272,16709.68535
32261,16378.5443
32300,16595.38127
32343,17279.91893
32382,16529.65828
32353,16170.69159
32415,16502.18494
32388,16954.79605
32436,15950.46611
32473,15386.61758
32455,16207.12207
32485,15140.82953
30985,13742.4991
31028,14571.27427
31012,16323.26428
31050,16515.31169
31100,16689.75394
31085,16612.29681
31120,15585.75658
31160,15270.58466
31159,15718.91338
31193,15270.91344
31173,13315.50649
31221,14320.22897
31205,15610.58235
30729,13350.39055
30774,13946.68175
30809,16347.03227
30798,16589.21532
30835,16824.69493
30822,16493.00767
30867,15554.95187
30855,15225.20406
30888,15452.25916
30886,15859.88846
30922,15259.95953
30973,15729.39348
30956,16329.24035
31504,16235.68739
31536,17005.92628
31572,17168.18742
31615,16711.28648
31645,15807.18135
31626,15192.55817
31674,16222.7325
31648,16028.59683
31688,16072.3285
31728,16816.32552
31262,15782.12769
31246,15754.09672
31273,16197.72296
31322,16258.64617
31307,16442.96792
31301,16709.3733
31338,16811.81152
31389,16469.40056
31372,16200.28653
31408,15961.65977
31448,16544.87037
31445,15755.3729
31429,15862.06486
31470,16886.79341
29981,14797.19026
30009,13413.60261
30006,14983.24757
30045,15466.24128
30016,14866.87511
30070,15694.36295
30097,16166.7606
30085,15239.20755
30125,15119.81004
30152,14137.88208
30197,14074.36588
29721,16537.32402
29697,16271.17626
29740,14880.23875
29776,14459.71194
29760,15243.57247
29823,16630.67751
29807,16618.23135
29847,15887.38828
29874,16103.21894
29912,16217.77777
29898,14940.52302
29944,13847.33036
29943,14700.42709
30488,16477.43571
30464,14698.1007
30518,12975.78174
30500,15097.02911
30537,16537.16928
30569,16438.7748
30620,16202.6008
30648,15016.08448
30636,14886.62262
30664,16090.87474
30697,15877.83446
30232,14310.98393
30264,14499.68623
30251,15907.91478
30288,16303.37809
30332,16567.16464
30308,16436.91286
30351,16360.42079
30389,15839.86816
30426,15488.7682
30415,16415.67183
30463,16721.34585
28958,15561.321
28986,15181.32299
28972,15221.33591
29019,15277.49334
28993,16329.17222
29040,16235.18012
29037,15171.90207
29075,14495.85938
29112,14228.99484
29097,15508.78203
29150,15886.16852
29132,15318.14501
29168,15592.26272
29156,15186.68263
28694,14950.49723
28732,15855.92747
28709,14816.66929
28747,14288.25786
28794,15662.18164
28768,15428.4439
28818,15633.34245
28806,16285.29004
28852,15687.43812
28834,15849.99197
28878,15379.42382
28914,15781.79763
29456,17191.87997
29445,16042.2005
29473,14972.45817
29523,14986.62306
29510,15081.10043
29556,15675.29652
29542,15965.68599
29581,15757.3411
29616,15541.20169
29603,15651.48605
29642,14021.54214
29684,14221.48885
29667,16254.58817
29202,16089.79951
29190,15403.25258
29226,14825.18161
29267,14930.16043
29253,15560.28331
29303,16293.18771
29283,16339.43713
29320,15353.65746
29370,15663.81705
29357,16891.88413
29392,14523.18773
29378,14659.8287
29439,16370.30109
29420,15175.91409
27921,14926.64244
27909,15447.32706
27948,15898.14512
27984,16645.55566
27969,16496.76727
28011,16000.60021
28060,16147.40156
28032,15934.46895
28066,15957.61397
28105,15383.98491
28152,14925.40192
28143,15238.00837
27666,15039.65879
27650,15505.44592
27691,15945.8444
27743,15750.88227
27716,16422.11324
27762,16537.88499
27805,16400.73149
27779,16015.64511
27828,16238.26284
27866,16404.07827
27850,15351.36565
27901,15104.77525
27878,14950.82843
28424,14931.7349
28475,15312.34544
28462,14554.54394
28497,14594.04122
28481,15799.53443
28533,15678.28909
28519,15977.1494
28549,15965.47273
28585,15406.32556
28583,16325.7263
28623,16726.20404
28649,16461.32264
28189,15779.53314
28216,15214.32873
28249,14633.72661
28236,15130.96425
28283,16199.64854
28269,16101.19953
28318,16114.25068
28303,15745.55666
28330,15663.55179
28382,16049.17559
28363,15692.69358
28413,15755.89418
28385,15758.67395
26892,15867.67181
26938,16460.70591
26926,16147.46424
26964,15833.47811
26948,16479.96468
26987,16412.08938
27037,15076.2511
27067,15097.63557
27047,15803.47344
27087,16227.6553
27134,16539.62636
27106,16600.46641
26645,16562.00386
26679,16306.21075
26717,16287.04668
26703,16094.71469
26750,15690.98288
26722,15741.79025
26760,15235.50401
26813,15293.72277
26786,16276.3236
26835,15438.5581
26876,15233.59408
26848,15914.26151
27410,15492.63673
27452,15540.93941
27436,16184.80992
27473,16593.30501
27456,16918.39603
27507,16904.45217
27490,16136.54094
27541,15863.63901
27526,14543.62457
27574,14583.05231
27615,15955.60722
27599,15421.53718
27635,15090.64392
27621,14865.40678
27159,15255.90429
27192,15854.13442
27180,15703.27026
27230,15922.71469
27259,16505.96798
27242,16169.62646
27289,15462.35092
27269,15112.89136
27305,15250.5074
27358,15370.72874
27332,14622.46904
27377,15273.48293
27360,15323.94504
25864,15316.38862
25914,16364.57364
25894,16338.92007
25930,15826.28102
25981,16301.13294
25959,16645.55796
25986,14742.21072
26026,14906.92234
26075,15869.59108
26054,14594.91278
26102,13775.66603
25625,14611.01639
25615,15856.40095
25640,16635.85966
25694,16623.43839
25664,15923.79906
25727,16606.28108
25702,15847.9146
25740,14644.79072
25789,14341.25516
25770,14717.86508
25819,15279.06545
25795,14165.68099
25847,13756.07184
26393,14155.63303
26379,15397.39315
26429,16297.66395
26414,16186.34048
26459,15993.67029
26435,16431.60795
26474,15999.69379
26513,15156.65328
26502,15065.3868
26530,15738.46467
26578,15669.37545
26563,15009.56521
26602,15587.30944
26129,15572.08963
26114,15618.10979
26162,16074.32006
26145,15896.09186
26196,15655.92371
26234,16228.11777
26220,15537.93858
26268,14366.30251
26251,14314.1114
26288,14648.74464
26273,15819.67215
26323,15778.45834
26362,15228.33881
26340,16040.8524
24834,16703.26331
24885,17032.90644
24870,16523.50753
24898,15410.29775
24941,14545.42818
24977,15362.94866
24964,15793.2549
24995,15713.01042
25032,16397.8342
25087,16593.64446
25058,15819.2321
24585,16051.08866
24626,16943.12408
24611,16650.27711
24651,16470.54345
24703,16558.99179
24672,15737.91284
24724,14632.66064
24760,14620.15695
24745,15482.26899
24794,16465.09523
24776,15588.61419
24819,15965.61056
24805,15629.74476
25352,15236.48189
25401,16783.47084
25386,16146.49936
25425,15647.97137
25464,16055.17703
25453,15432.52727
25503,14840.34627
25529,14620.16335
25514,15095.01393
25563,15825.84826
25543,15940.37053
25579,15427.36139
25114,14694.72362
25099,15549.93543
25138,16904.39789
25126,15930.30002
25172,14799.52652
25212,14845.4463
25241,14768.5521
25228,14527.2335
25269,14469.88992
25255,15285.89075
25302,15975.47571
25285,15727.28314
25329,15352.54305
7452,15230.35847
7426,15536.74134
7474,15315.56424
7512,15208.01464
7499,16155.71768
7495,16359.52261
7543,16256.87539
7581,16147.83673
7565,15316.15563
7609,15604.6028
7597,16764.83809
7645,16117.55146
7618,14839.02708
7199,14601.9948
7224,15115.22028
7210,15292.25196
7261,15690.24059
7233,15885.08805
7272,15920.61072
7324,14915.50944
7300,14985.27934
7338,16117.99395
7391,15623.14727
7362,15326.93085
7395,13971.67933
7945,14897.96804
7998,16248.15877
7981,14848.4103
8030,15581.19189
8056,15981.37964
8038,14934.67771
8078,15698.76222
8113,15722.18275
8154,15090.64693
8129,16377.20016
8160,16043.47561
7702,14837.62928
7736,15465.55043
7733,15853.85464
7719,15611.75615
7756,16186.51926
7804,16459.00903
7783,16082.8426
7827,14994.22618
7813,14646.00117
7848,16437.13185
7902,16108.11795
7885,15154.85705
7933,15148.09044
6420,14613.31805
6405,14938.71002
6442,16019.07052
6490,16733.41818
6478,17093.39732
6514,17064.66846
6497,16681.59263
6528,16455.21744
6590,16255.95207
6616,16575.67296
6648,16169.73993
6624,14778.67843
6145,15506.71899
6188,16870.5963
6236,17219.40876
6214,17310.19641
6255,16625.28684
6274,15779.09174
6324,15825.15769
6309,15602.52457
6358,13570.11962
6379,13319.34282
6935,14893.51522
6968,15372.4044
6958,15251.02268
7005,15843.41244
6988,16695.47658
7024,16874.50347
7022,17099.13003
7060,16585.55218
7100,16088.51939
7085,14309.23423
7122,14413.42364
7108,15626.9453
6683,14645.73664
6657,14804.10355
6711,15462.48612
6744,15994.99706
6733,16459.28023
6781,15973.53277
6753,15810.26669
6792,16332.91737
6846,16100.59608
6830,15463.20888
6879,15613.76229
6852,16076.66868
5400,16261.81815
5388,16026.96854
5424,15680.12051
5471,15838.50518
5498,15890.677
5486,16236.01464
5535,16779.48624
5518,16736.82921
5545,15862.98961
5595,14296.84917
5579,13011.26646
5609,14588.43155
5145,16216.64754
5143,15629.73176
5175,15673.31079
5157,16724.1574
5195,16631.86764
5225,16668.50513
5265,16717.59464
5307,15742.09672
5343,15562.13189
5316,15629.42552
5344,15826.54817
5911,15960.17899
5947,15905.06991
5934,16359.3321
5974,16895.59753
6009,17084.68922
5990,16851.65094
6026,16615.91678
6078,16555.55979
6104,15923.75483
6102,16495.94731
6137,15093.35005
6123,14708.7699
5663,16626.99842
5643,16542.05825
5693,16529.97576
5668,16695.13802
5707,16881.81484
5745,16764.6242
5732,16854.69863
5774,16934.35962
5821,15835.62325
5853,13440.73741
5837,14576.67834
5881,14973.56366
5856,14492.05738
4361,15653.95624
4408,15392.09874
4396,16280.86562
4435,15681.69752
4466,15215.81557
4453,15781.40427
4503,15547.95719
4539,15530.33896
4523,15531.63087
4575,14781.88145
4595,15042.77617
4104,16247.90698
4152,16738.64624
4150,16383.99031
4188,16216.31623
4165,15764.87663
4205,16155.27403
4252,15099.48047
4230,13476.05048
4268,14933.8751
4317,13933.67239
4303,13132.60605
4339,15288.70252
4882,16199.02015
4869,16287.42823
4904,16202.49498
4959,16081.48875
4932,16058.03651
4983,15553.80067
4967,16290.95999
5007,16234.74861
5047,14422.4026
5072,14581.61318
5056,16403.32604
5119,16569.27125
5089,16244.13788
4624,16299.21103
4623,15272.45788
4668,14828.13558
4663,15518.20492
4703,16037.76922
4673,16346.93444
4734,16113.73016
4709,16208.6051
4767,15121.32113
4743,14251.23564
4777,15677.21246
4824,16421.20267
4823,16847.5308
4858,15276.87105
4838,14885.9686
3343,16132.42651
3378,15552.75698
3362,15341.4595
3401,15840.07519
3452,16263.30444
3424,16452.76312
3486,16392.25666
3459,16482.60739
3510,15505.81415
3545,14994.2014
3531,15292.77383
3571,15499.05746
3082,16715.01525
3112,16999.52572
3167,16424.72848
3198,15456.38705
3169,15933.37619
3219,15416.65266
3261,15509.06345
3235,15242.1761
3287,13250.12931
3312,13985.65949
3311,15554.78912
3856,16342.54161
3842,15920.29797
3886,15627.79509
3920,16673.62897
3904,17430.77068
3957,17104.0892
3941,16080.71482
3969,15543.40952
4022,14673.36605
4051,15166.87875
4095,16325.98331
3601,15932.82438
3589,16570.9979
3638,14704.92204
3675,12838.21449
3660,14901.31585
3696,16524.60089
3683,16714.80905
3733,14855.62149
3718,14892.50233
3766,15798.53911
3800,14180.74483
3785,13309.7414
3838,12761.32333
3808,14688.79354
2314,16720.32126
2354,16701.71669
2343,16097.29226
2373,16293.30409
2410,17299.81844
2448,17333.52503
2439,16725.57249
2476,14248.10469
2514,14293.96155
2497,14891.09457
2546,14417.7442
2532,15924.46923
2069,16927.35461
2106,17175.29849
2095,15315.78329
2132,14905.8603
2168,16558.43983
2148,16925.37599
2198,16727.05429
2233,16457.88763
2210,14696.59521
2260,14578.71763
2241,14854.53121
2290,14901.13786
2846,16390.2537
2816,15856.49227
2858,13976.86913
2897,14563.15552
2886,16296.04134
2912,16737.17666
2965,16946.75864
3000,16810.46193
2987,15395.54388
3038,15258.6576
3020,14751.46767
3058,13579.79885
3044,15642.34432
2570,16059.77443
2602,14714.82829
2643,15433.78952
2631,16959.31116
2671,17262.45007
2704,15072.50961
2692,15082.54645
2735,14729.36433
2769,14184.28331
2753,14159.93174
2792,14663.24068
1304,17232.56908
1293,17030.57497
1329,16056.25418
1368,16097.32641
1347,14439.46975
1384,14218.32027
1436,16367.60583
1421,15641.32128
1456,15542.67842
1444,15986.8428
1474,14816.96443
1517,15280.03859
1037,16789.58904
1086,14492.02263
1104,14522.97391
1088,16690.31375
1141,14571.95763
1125,14057.15555
1164,15532.12899
1214,15774.25472
1187,15664.86461
1235,16334.17367
1278,17131.20147
1250,17033.10231
1804,16710.34757
1832,16580.31501
1883,16273.22475
1871,16333.22762
1906,17082.18092
1892,17106.46562
1939,16791.97656
1974,16497.7995
2002,16823.7848
1984,15060.48881
2027,13046.80814
2022,15120.82044
1542,16128.29355
1630,16142.39633
1600,17029.16164
1652,16702.75523
1637,16730.17032
1672,16978.17385
1725,16762.51064
1696,16583.17319
1737,17010.62378
1789,16349.37835
1761,15408.18955
350,15430.84419
370,15291.15676
410,15128.65654
405,13677.57942
433,13501.76874
421,14293.12851
463,13102.60946
499,13777.68674
117,15376.10759
184,14322.69389
172,14186.06739
212,15400.10021
252,15837.70799
795,16386.03693
782,16290.1596
829,15463.58413
857,15657.06944
835,16021.61306
886,14049.85574
871,14003.60165
899,15214.63935
944,15347.32358
932,16133.89709
961,15507.41152
1009,15526.30385
536,15918.49008
514,16351.0778
552,14888.34966
597,12350.5461
632,13662.76982
630,15122.73261
667,14863.50654
642,15945.71876
765,16962.14114
15644,15735.66542
15621,15534.57124
15668,16192.53839
15651,15763.35058
15700,16067.90298
15684,16071.22908
15733,14496.96412
15768,13842.43497
15755,15322.7988
15796,15381.59463
15832,14351.42196
15818,15343.35368
15867,15488.39911
15842,16062.74153
15371,17167.01831
15422,15751.3106
15407,15124.0836
15442,15735.08332
15482,15868.90316
15469,15086.02633
15509,14297.34301
15551,14329.20359
15520,14467.09024
15571,14631.37356
15557,14745.0401
15593,15891.93996
16158,14427.55778
16129,13264.95363
16177,14733.52641
16175,15147.37604
16212,16067.99019
16197,16529.33249
16235,16450.24699
16274,16129.70443
16261,15284.39404
16297,15027.88383
16338,15291.4099
16326,15550.0416
16354,15906.25816
15895,15315.54668
15877,15222.42607
15962,16562.66901
15937,16517.31541
15991,15011.49157
16029,14426.92085
16003,15411.21944
16049,15916.51557
16047,15192.24291
16083,14496.81743
16066,14927.1877
16118,15310.16027
14623,14835.89323
14595,14603.00224
14633,15561.52611
14684,16568.35939
14669,16385.20315
14712,16523.30285
14699,16281.1105
14750,15900.23768
14721,16288.87542
14764,15351.27982
14807,13939.55394
14845,12870.48747
14820,13591.6212
14355,15805.16901
14343,16205.60354
14380,16150.41534
14430,16496.79419
14404,16353.04737
14446,16222.61981
14480,16153.57075
14471,15162.95827
14559,15059.08054
14530,15662.44585
14570,15543.82161
15129,15895.13555
15116,16860.51241
15158,16992.4626
15193,16928.90611
15180,16354.12384
15217,16107.77698
15200,15747.98808
15240,16051.31335
15285,16199.04517
15325,15188.53519
15302,15097.83274
15343,14543.81922
14868,15600.48668
14910,15631.11654
14887,15197.22387
14927,15767.17528
14963,15316.36928
15001,16229.0531
14989,17002.36376
15037,15440.82808
15064,15652.44259
15054,15644.19264
15093,15162.7442
13592,15376.46437
13577,15548.24231
13628,15724.99528
13601,16161.48289
13640,16745.62814
13672,16290.98296
13716,16748.04785
13745,15804.43153
13791,15778.23803
13762,16088.04216
13823,16158.70971
13794,15645.40338
13318,13966.77312
13352,14830.66252
13393,15633.12383
13435,15385.92461
13411,15958.1528
13446,15501.29566
13534,15518.61025
13518,15137.34976
13554,14637.27702
13551,15926.95379
14098,16383.50555
14140,15483.77152
14117,15358.91589
14158,16147.40546
14198,15742.42265
14234,15566.77856
14210,16283.46463
14252,15352.78566
14300,15294.09264
14286,16176.94171
14334,16276.3295
14306,16903.39803
13843,16532.07586
13883,16118.36842
13868,16219.5714
13915,16668.25526
13899,16217.18241
13946,15403.71985
13978,15540.17507
13974,16659.28349
13996,16160.28118
14035,14516.02956
14074,14444.07877
14048,14865.96879
12571,14293.99895
12555,14636.28786
12597,15299.84711
12632,16179.39294
12615,16114.7446
12661,15608.04726
12697,15644.39519
12676,14991.42025
12763,15911.42907
12742,15847.77403
12768,15546.11607
12311,15540.45252
12338,14293.11168
12325,14663.1865
12371,15984.46823
12400,14309.46973
12384,14542.86789
12426,16896.12173
12463,15942.1677
12502,15206.32222
12528,15144.89493
12517,13975.67543
13068,14391.43304
13105,14590.59277
13094,15512.34382
13133,16517.70325
13173,16526.30639
13203,17337.43439
13224,16149.53981
13278,16204.41067
13250,16538.65328
13290,15747.40099
12824,16069.04264
12823,15504.32352
12848,14271.09549
12836,15538.83255
12877,17257.42021
12912,16063.60104
12897,15224.32176
12950,16059.61796
12960,16162.64465
13009,16138.31428
12999,16324.29965
13039,15672.26254
11541,15252.47135
11578,14224.98997
11552,15154.85983
11596,14961.19743
11643,14192.92611
11627,16473.89307
11664,16630.72724
11649,16496.76241
11682,16962.37384
11724,15339.03071
11763,14192.53599
11749,14933.189
11284,15791.66464
11326,15586.96495
11302,15826.02239
11338,16117.77559
11390,14281.76199
11375,15025.14335
11410,17206.65594
11452,16168.55512
11477,13702.00975
11515,13583.37991
11491,14297.50959
12044,14460.19268
12082,14172.70066
12123,13667.67135
12157,13315.63903
12129,14495.78799
12168,16879.2735
12210,15816.05985
12254,15648.88975
12230,15691.19201
12267,14725.37082
11797,14878.18498
11833,14532.87649
11818,13790.76128
11869,13395.6573
11898,13933.6003
11894,13867.7524
11876,14995.4039
11912,16923.26414
11942,17074.11532
11978,14608.3038
12031,12786.11165
12003,14800.07727
10509,15788.69035
10536,14935.40322
10586,15664.72813
10569,16964.782
10621,16019.42401
10595,15986.30725
10640,17147.95025
10630,16259.90494
10668,15256.31447
10705,15456.07341
10693,16092.46862
10732,15669.05597
10271,15774.5242
10253,16381.98578
10292,16276.33752
10276,16826.38209
10309,15230.8482
10351,14486.61135
10387,16335.24907
10429,17097.94057
10402,17244.85858
10454,15376.88086
10480,14882.42902
10467,15993.34746
11025,13987.9328
11010,13928.29543
11058,15371.0728
11044,15510.21428
11093,15298.92648
11131,14018.54246
11104,15103.25022
11145,16660.94252
11143,16623.11951
11183,16207.14389
11222,14158.36984
11253,13240.69515
10777,12978.69418
10753,13232.84503
10804,14909.7912
10791,15624.82602
10838,16385.12267
10823,15194.08462
10860,15380.42807
10896,17299.43818
10936,17072.55313
10913,16095.98648
10961,16285.96902
10947,16468.91431
10984,15416.00065
9500,13917.95618
9472,14514.57482
9526,14654.35363
9557,15244.66168
9594,17209.134
9590,14622.70956
9575,14704.73636
9602,15872.96083
9641,13508.03428
9687,12465.42936
9713,13489.57206
9242,14007.21903
9217,14622.82657
9269,16000.07169
9252,16431.27753
9290,16552.30477
9334,15454.72634
9374,15780.96358
9345,16407.07845
9392,14083.50644
9434,13009.19783
9418,13087.58802
9464,14255.1532
9442,15384.50419
10004,16091.25059
10044,16714.02473
10021,15692.56372
10071,15914.87337
10102,16598.03951
10141,16884.73936
10119,16728.30493
10158,14133.3201
10205,12714.80564
10188,13730.19135
10228,14410.81529
9756,15958.12649
9786,16851.03114
9772,15244.66306
9820,15671.77315
9804,17298.79935
9846,16775.10591
9864,16003.36429
9913,15378.1549
9896,14878.48098
9950,14975.64938
9923,15623.08708
9964,14686.67465
8467,14601.05027
8509,16031.83653
8483,16553.53528
8515,15098.73555
8548,13465.01497
8584,14703.77049
8637,16464.85696
8611,14514.04296
8663,12063.3376
8689,13396.5091
8218,14463.49991
8199,14726.69078
8237,14584.52618
8287,15577.86389
8257,16892.68574
8306,15505.08712
8294,14858.2242
8342,15885.20578
8381,16137.11379
8365,14503.62795
8404,14459.00844
8385,15827.51699
8420,15135.45817
8971,14739.22147
9021,14882.89261
9007,15622.61563
9033,16815.7569
9030,16947.65585
9071,15795.82484
9100,15506.62614
9136,15619.21495
9122,14091.25667
9174,14504.82575
9158,14249.17895
9195,13115.92265
8720,15310.53298
8707,16006.70123
8753,15587.96539
8739,14456.80562
8788,14523.97729
8828,15279.13753
8811,13214.6431
8807,13847.40906
8854,15024.69188
8892,14882.61689
8876,15281.33191
8927,14539.81539
8958,12831.02384
8942,12341.04938
69652,12720.04366
69646,14935.98544
69685,14722.7134
69788,14667.83928
69816,14569.02887
69827,12519.56017
69868,14766.60429
68872,16542.70422
68871,16512.97174
68905,16231.53779
68959,16061.13391
68933,16018.06281
68980,15862.18035
68963,15009.93872
69006,13945.04235
69043,14172.63858
69031,13602.7238
69078,15033.05534
68626,16663.87944
68613,16112.28784
68660,16586.5183
68643,16955.84366
68703,16512.59331
68676,14062.2948
68725,14681.07765
68761,15640.21702
68738,13264.3161
68791,14879.84962
68863,16918.11186
68837,16087.17136
69421,14743.16012
69450,14598.40595
69488,15397.25391
69487,14420.92197
69526,12726.42042
69506,13658.6645
69593,15817.56849
69571,16251.62048
69604,16437.63924
69162,16396.19999
69215,16266.4733
69184,16723.45988
69229,16297.6763
69266,16270.94986
69307,16285.59601
69280,15103.10212
69313,13638.41364
69365,12874.67031
67840,14965.02653
67926,17072.52429
67949,17242.94956
67987,16640.6104
67970,16495.20064
68023,17074.34366
68059,16538.48805
68042,14956.7258
68082,15735.96925
67609,17036.6274
67634,16891.58712
67674,16744.93799
67651,16365.74568
67689,16658.54997
67735,15323.86584
67772,13114.33505
67748,13057.34084
67793,14585.44141
67781,14589.48288
67809,14856.86654
68371,14565.53116
68411,13979.8802
68396,15295.25823
68445,15559.15045
68420,13889.06192
68470,12181.72372
68489,14178.95368
68564,16378.00614
68550,16613.97728
68585,15207.61914
68112,13713.19557
68099,15608.72766
68138,14857.74313
68163,14039.66618
68233,16411.83074
68272,17020.9845
68259,16834.10439
68300,16764.89072
68329,15336.90825
66842,13906.51994
66839,15106.054
66875,14500.61638
66850,13831.35179
66891,15567.53127
66993,15989.83328
66979,15306.1585
67025,15518.49045
67015,16465.31656
67054,15355.92808
66578,15152.48099
66567,16572.64522
66678,15074.8841
66713,14101.18412
66701,15429.17786
66741,16474.00565
66727,15833.75995
66760,14701.99512
66809,15159.56692
66807,14839.14194
67345,14925.85105
67386,16240.10444
67382,16127.72339
67418,15755.551
67400,14859.46696
67450,13454.15894
67439,13748.87327
67466,15320.2268
67507,14091.85366
67540,13892.93558
67102,15580.05583
67087,15474.35818
67123,14459.39815
67161,13785.09416
67149,15673.34784
67196,14918.94446
67170,12358.85306
67213,14523.06998
67320,17040.4758
67311,16252.67439
65808,16025.61146
65849,16435.85913
65835,14753.02577
65886,13624.24008
65870,14410.97865
65918,14303.86668
65903,15319.62433
65936,15746.1521
65921,15405.83574
65953,14742.69765
66024,13723.39463
65557,13787.86538
65592,14040.54409
65582,15322.20167
65616,15899.53561
65615,15489.74448
65647,15247.17689
65711,16184.62949
65741,16177.79385
65781,13914.576
65767,14760.65771
66351,15252.75082
66386,15458.66457
66368,16225.74536
66419,13568.67024
66401,13346.6914
66440,15419.01104
66481,14887.32681
66521,13358.40932
66510,13977.9107
66548,13859.85495
66532,13532.59085
66070,14651.1413
66104,15428.38293
66093,15561.29352
66121,15586.41396
66170,16073.01558
66159,14940.61192
66196,14316.94174
66236,14296.88201
66219,14269.84912
66258,15648.21733
66247,15269.42585
56581,15136.80103
56628,15773.00463
56659,15569.9696
56644,15613.9141
56684,16121.35934
56724,14696.8099
56760,12793.3927
