"fid","Yield"
56763,12896.385299646
56797,15772.079095325
56830,16461.1014068413
56814,15177.5118507173
56336,14713.8861580303
56322,13772.8646406173
56360,15799.633501668
56414,15206.502358654
56396,15993.2480708857
56444,15766.4656951177
56478,12856.1403302487
56462,14362.5797846313
56539,15414.395989489
56513,15867.633426613
56553,16076.1966559127
56548,15893.191336866
57111,16182.7316512853
57144,13771.630232396
57132,14214.9850995747
57183,14886.3684391873
57155,14721.0834586643
57204,15794.6801712737
57187,15511.2034746633
57239,15292.498771351
57276,16150.881305823
57262,14283.4219583037
57297,13961.6969222493
57280,15709.2376866483
57313,13391.5940130623
56855,14260.8815678293
56874,14407.3969772407
56925,15420.3315052053
56899,14957.479147888
56937,15334.7284263464
56977,14500.7432919397
56966,15663.4388428187
57013,15119.1802938253
57033,12649.4146415627
57083,15652.6876594573
55579,15416.5554035627
55552,15564.852384339
55615,16412.3336949764
55590,14851.626085213
55630,14493.2502915197
55648,12971.5870999077
55692,15759.1239279083
55723,15717.9805374387
55763,13886.5255588627
55759,14392.997314913
55795,16108.7365173167
55781,14505.9719167317
55308,14470.6443339103
55358,14883.498956522
55331,16513.06359978
55409,14956.7694259443
55404,14989.9717123823
55433,15549.575896628
55480,14636.2740763907
55459,14709.159841036
55504,14570.6589657497
55494,14450.9318475427
55530,15520.81414537
56095,15926.3752043387
56078,16304.56497952
56114,15862.8646881157
56145,15167.4837663827
56185,14340.1549247257
56172,16233.4125570583
56196,12839.552025024
56241,15004.7525836817
56231,15203.0561332757
56279,15673.2049433767
56318,13787.4991999673
56294,14582.3095618643
55821,15696.5912807147
55863,14535.2599597317
55900,14238.4657106273
55882,16399.5616462187
55913,14311.902397191
55964,14957.1690844897
55994,15893.360224551
55982,15543.638707534
56017,14696.505866447
56057,14920.33276027
56043,13746.113678375
54538,14627.6193899537
54580,14878.9042583923
54608,14639.4131297893
54653,16097.9216308273
54626,13474.081609994
54679,15720.4389980773
54705,16173.8741329037
54694,16622.6778245163
54720,15884.53112687
54783,16015.3356841503
54294,14781.4852786553
54323,15857.1186305
54310,15441.2979449333
54357,14911.27789931
54342,14932.1421162917
54388,15451.6019975517
54373,16397.5107849787
54412,16527.6179444213
54452,16148.5400811757
54489,14980.37047541
54473,16095.283556526
54512,16914.9957953023
54500,17094.571412721
55059,16603.3882388897
55090,14001.6779840133
55134,14998.527837976
55152,14917.3192523997
55137,15648.981232637
55190,15930.0745485837
55173,14404.2811035503
55223,14333.8136398367
55251,16117.6937344717
55288,15988.471324933
55287,15967.6190689193
54809,15174.4403790653
54796,15816.4208306747
54823,12784.3677273653
54861,15690.960244539
54911,14577.0548122067
54891,15243.213190059
54938,14960.3074534647
54919,15305.2687386653
55002,16166.4066262883
54985,16014.435735966
54982,16211.184759795
55021,15955.7311591077
53523,14639.3038772077
53509,14834.5730847607
53546,15398.268664138
53592,16244.066324653
53576,15708.0742752773
53618,15865.8512605617
53659,15730.9503449163
53642,15709.6132375803
53695,15220.5056160737
53671,15176.5323444493
53697,14773.1677157807
53272,15387.29863352
53260,14819.7069874547
53299,15459.188411314
53336,16190.632381327
53313,15378.8615587177
53361,15349.6524238977
53346,15834.8276044803
53394,14900.234027798
53436,15591.7398542857
53423,14250.1139723257
53461,12873.3778843027
53488,14602.0796131716
54044,15544.52874218
54027,13910.2968579157
54058,13264.7393634924
54109,15383.926562343
54093,15719.5606245553
54130,15654.6077080737
54117,15596.4576758183
54202,15906.3656938643
54189,16098.5214429463
54235,15733.637080289
54219,15717.1017553074
54257,15764.244115967
53787,13625.8966785233
53762,15547.769516938
53814,14826.1848560483
53849,15743.4681849793
53838,15384.0836242853
53876,16292.6332293013
53857,15659.7319397263
53907,16360.3985732707
53945,15301.8410513997
53930,15714.508273465
53981,15959.938281443
53959,16321.0436260907
52508,14370.7290443607
52484,14308.184132165
52520,15817.2755668133
52574,16067.45481502
52547,15642.9049683097
52584,15040.0422356207
52634,16503.5870060743
52623,16020.1015678607
52651,12982.1819470153
52693,15439.8589887176
52678,15752.304319209
52712,15128.2912283637
52254,15918.141299227
52239,14289.0295530417
52264,15760.6857570397
52314,15079.4780720073
52296,16070.9684401233
52340,14726.0302894997
52376,15002.377799634
52360,16611.27656379
52402,14754.5269465703
52433,13925.4979185447
52467,14301.4086380624
52450,15440.5276047097
53003,15019.7583515387
53051,15633.0392555493
53081,14983.2877327947
53066,16094.174768701
53114,15786.1254541347
53111,15839.1893886697
53144,15797.950330373
53121,15078.6829053907
53168,16262.2299221197
53153,13960.8278919527
53187,14497.3805218467
53237,15424.494602561
52764,15210.1397310907
52736,14321.4618732087
52798,15997.5415150983
52772,14312.108809712
52810,15024.0308396573
52850,15438.351008195
52839,16361.4474947074
52875,15302.8470697623
52919,12918.708732962
52903,16260.613583901
52951,16057.62592
52988,15232.0746040593
52960,14961.664444661
51487,16451.9346364453
51512,14888.943283175
51503,15726.619970019
51532,15364.192471283
51560,16674.2913972993
51608,15478.4375745087
51607,15358.1195312826
51635,15649.8694781243
51674,14671.146369756
51652,14054.2963844093
51689,15523.457342723
51227,16078.1448875543
51208,15375.318922233
51257,15765.75374443
51246,14725.0015138487
51282,16149.546200474
51279,15903.0547471437
51311,14027.1267735327
51358,16065.2467593977
51332,15410.2783267973
51370,16052.2323625433
51421,15598.0722763267
51407,15084.097009422
51432,14205.0254309057
51984,15918.8951369077
51973,14575.616019522
52020,16198.4414102506
52059,15813.8597004317
52037,16131.5040976593
52083,15298.1052998713
52070,15541.817328082
52096,16560.086873187
52149,15161.7797358947
52190,14263.1420029473
52162,14870.280708204
52210,14450.4509576163
52194,13976.0884139997
51734,15207.9783935297
51774,15035.4953841223
51744,15800.0198077527
51793,15770.614931334
51783,15235.8043764713
51831,16116.6341233117
51865,15492.9801431437
51898,14373.0276513273
51883,15132.5453552437
51923,14727.699742035
51911,15685.338078144
51946,14345.985931104
50450,14730.2498725597
50438,15293.4323514643
50466,15987.0180041197
50508,15526.4114809037
50544,15968.7809411307
50542,15899.4414139447
50591,15171.9608649997
50571,15671.6458354997
50609,15871.5948683657
50598,15267.5778495827
50639,15779.635942712
50672,14896.438309294
50661,14686.5274283633
50198,15938.66026815
50234,16169.005423533
50217,16771.0875134547
50270,15725.3305711487
50296,14511.1416381797
50295,14840.582390971
50324,15830.1129658983
50364,15448.352955489
50349,16347.6670145613
50386,15048.808219916
50373,15915.782811095
50415,15699.6270171457
50967,15423.1369747203
50949,16532.6853528717
50998,15689.2199108827
51039,15275.2295250043
51011,16275.860486831
51057,14861.1427588733
51092,15760.294598803
51133,14633.629193415
51108,15895.2444830864
51151,15412.7345052313
51198,14940.1774311703
51179,15804.7595401527
50713,14434.42951861
50696,15671.0514588997
50747,16704.6701258883
50721,15097.126905309
50769,15877.811973289
50808,15938.915702902
50806,15736.9990527467
50847,14833.6858059243
50830,14770.1113893477
50861,15306.481582145
50902,15359.7533797023
50884,15675.652474151
50914,15727.810129806
49431,15737.857574021
49413,16390.268995001
49451,14590.7557299793
49488,16037.399974427
49479,15105.8945833073
49517,15383.961194951
49554,16008.4493086287
49595,14437.6851294307
49628,16307.0186052443
49602,14185.0305598853
49650,15376.8053747377
49635,15089.8267341037
49166,15732.372193244
49200,15009.2625612753
49190,13144.6117846257
49227,16240.0578740233
49278,16791.0243182443
49261,16198.4870148193
49298,15584.030818394
49342,14376.021509772
49326,15428.186944843
49374,13981.3749287463
49354,15608.8581452337
49406,16091.2188046103
49390,15163.1226608007
49938,16139.529884973
49983,14046.8336474643
49967,16341.8621850647
50003,15506.79671372
50033,13323.5120725583
50031,13849.5834837023
50058,16012.2090453933
50105,16258.313347599
50103,15849.64712829
50131,14037.3806500423
50118,15308.4291623413
50167,15438.2813682757
49693,16491.9019180563
49665,15880.3830561213
49706,15725.4182135357
49755,15960.8032727143
49786,14905.923976301
49768,13317.5484963397
49817,16495.6657357377
49793,16228.8024093733
49843,16178.7442682967
49880,15271.8464479537
49866,14081.2378989867
49919,15101.7046069787
49895,16111.2961412123
64779,13344.3845300893
64819,13665.5569455453
64804,16439.6901081963
64852,16396.105913507
64839,12988.411788064
64879,16038.245294555
64904,16481.617345359
64959,14465.1499675903
64943,14357.9786501513
64979,14762.1294236617
64965,14230.4117654867
65013,14047.7309270183
64541,16475.060303064
64513,12990.9287322587
64563,15880.8077923357
64551,15930.8508726437
64599,16155.2633836023
64631,14444.3764595737
64659,14112.1363825167
64647,14720.959460945
64674,14500.3225258553
64707,13972.357899701
65300,15235.1225425593
65285,13918.292239861
65327,14192.8950899906
65436,15584.176694389
65466,14133.8674171627
65449,12570.0977728173
65500,15194.550008388
65482,15317.6872560947
65533,16188.3940138263
65504,15830.3631076057
65104,16187.6639834783
65145,12852.629051213
65130,13541.8899173773
65178,15566.4184481753
65160,16313.098781289
65211,16123.907783561
65186,15478.4292509043
65235,15583.4611628927
65221,16056.4688181317
65268,14925.1551953013
63773,14132.536611056
63757,14674.1510562287
63785,14111.9690904893
63865,14500.146982449
63898,13916.555725567
63884,16914.7784131383
63921,16075.3343269973
63910,13647.8897626443
63940,16577.702868206
63988,15426.7702171263
63543,14907.70079748
63575,16894.8938685037
63558,13942.5556058603
63589,14842.7027764993
63635,16409.4586522707
63678,15408.2763153277
63653,16496.852422251
63691,14848.312393195
63742,14679.5696680423
63716,13775.9627491183
64269,16335.2201463623
64305,15555.540887595
64291,15765.93198643
64341,14572.699682419
64382,14658.168607018
64412,13718.9888128973
64389,14373.1359122973
64469,13796.3661007827
64501,16804.7213895847
64016,14798.0658270173
64005,14515.7420226853
64040,14845.2764424403
64091,14187.985751089
64066,14322.771379063
64158,14899.084754237
64169,13298.120103928
64214,13205.9498602057
64251,16273.8014680373
64238,16554.6104856303
62751,16482.923379992
62722,15252.7057664317
62775,14387.0868062837
62809,14190.6157133207
62793,12999.0867530127
62842,14823.8111682817
62819,14540.197342907
62870,14744.8424896273
62854,14290.19072884
62942,13068.2567156943
62957,16125.1362642627
62483,14921.099329537
62466,14885.6448168477
62516,14248.0589942213
62547,14887.8719273747
62530,14862.2110938053
62570,14918.2815481227
62646,13568.397027742
62675,15682.986814053
62661,16212.150934449
62711,15900.2259802567
63256,14502.264885225
63255,13918.2261400397
63283,14823.972268524
63267,16434.2640309003
63318,16363.5890340417
63354,16267.1416142347
63330,16087.3520526543
63391,15106.5400093203
63361,16431.8632703783
63415,14255.036849635
63449,14517.0643974727
63428,14443.621061296
63470,14240.7842055093
62994,13961.5198451093
62982,14491.6582353967
63017,15708.409718073
63070,15276.6877358213
63044,16465.6722923963
63080,14471.1095682517
63134,15081.8263564667
63107,14074.365860377
63156,14067.460008965
63142,15276.174384915
63172,14995.928297601
61748,15017.971331015
61731,14928.1767610773
61781,15344.1001082297
61822,14298.7656842657
61796,15311.6153096763
61838,16367.710325822
61875,14609.36614816
61862,15017.316066143
61897,14483.1209441707
61936,15527.2309871823
61925,14429.255072632
61448,15341.549323555
61498,15074.5809200853
61486,15852.2283212733
61534,15547.7582176533
61510,13921.9648827133
61548,16477.7847573873
61597,14466.9081578953
61574,14728.925147229
61608,14189.6515746847
61652,14656.1053916313
61682,14118.3979999303
61670,13897.354004771
62218,14027.7063367926
62261,13907.4214376903
62280,12664.627678797
62335,14034.3559333307
62358,16352.2374762373
62392,14754.7190189103
62382,15168.2247991073
62420,14255.3491173747
62403,15955.853482426
62451,16323.7675827517
61968,14029.2913434483
61958,13661.259837241
62033,15029.948558146
62079,15166.3693735133
62063,16320.3723449677
62097,15204.6945368783
62086,15150.334193978
62112,14705.8127427937
62153,16125.940705607
62201,14649.6788247617
62182,14943.5796495833
60694,15110.339880382
60677,14172.4623771867
60709,14344.085195433
60747,14692.268133071
60785,13533.0306108953
60773,13626.520891466
60847,15638.599865511
60882,15779.129222832
60914,13642.4906094967
60441,14832.1333644063
60420,13749.578451258
60469,14069.6713566327
60494,14617.2302844903
60566,16310.1241245497
60550,15769.72255788
60595,15883.3830320954
60583,15882.488361672
60631,14447.8804782903
60661,15700.4491054363
61210,13898.4563133287
61195,15748.499799262
61233,15479.088829307
61221,14350.299786958
61258,15555.6304198017
61308,14181.4129598317
61285,14734.103735234
61332,15664.713124359
61373,13578.4743930057
61344,14172.8410801977
61435,14721.4034282917
60939,16424.7590425433
60990,14768.99119989
60965,14531.0541403773
61007,14415.3661340657
61045,14442.576785469
61030,13651.5614450087
61076,13552.978419528
61089,13645.7723107953
61143,15139.1140897777
61175,15973.6907874333
59672,16398.0843810413
59657,16755.0034087917
59694,15922.5221334113
59731,14653.062599119
59715,15786.328967295
59758,16014.1457017196
59792,15369.964859538
59835,13305.210669448
59822,14581.92687727
59860,16007.699373538
59845,12993.9405470813
59880,14009.9141430877
59408,15890.317249865
59448,14251.2460800927
59436,14806.430450063
59474,16242.0952583903
59456,14899.058176294
59518,15819.1973009677
59492,15940.2085824083
59538,13627.867243858
59526,15134.2864615487
59555,13499.0383030747
59596,14920.9550131327
59620,12934.187520626
60171,14193.6939922687
60200,14420.6166250687
60199,14443.7192248683
60272,16408.1631290157
60312,15084.5022710197
60294,15489.5099725933
60332,13984.6923163477
60380,14308.2579597743
60365,15931.2010555487
60402,14571.8826298217
60388,14847.9930098997
59955,16520.1300584053
59979,16419.331805683
60020,14796.977403446
60005,15680.4552240413
60041,14652.8334791517
60091,14787.046187452
60067,16294.940091801
60118,14215.259219714
60103,15569.5946778037
60150,15143.310974144
58649,16007.8633198837
58627,16318.8767685393
58679,13247.1918341693
58708,13632.5741845487
58691,14045.2673087037
58738,14086.584234371
58808,16077.30902272
58796,16195.3861881973
58841,15869.5793883903
58831,16173.809938039
58865,14694.1631230527
58397,14050.0342006777
58380,14772.636410798
58409,15461.1472263453
58457,14229.3667330287
58443,14626.13931472
58521,15967.437580146
58508,16128.0253666703
58559,16079.1627468777
58529,16062.000739451
58581,14619.613588771
58566,15123.1649409467
58606,15505.57769518
59164,14940.217636793
59142,15615.1951396287
59190,16415.171867121
59229,15929.573281883
59200,16318.5480652817
59263,13637.6026220407
59234,15546.5338524183
59274,15714.723509571
59323,13909.5945532893
59309,14497.7332071813
59391,16142.656160191
59367,16453.6790519163
58889,15186.1671057833
58937,16051.9395719627
58926,15778.3440491323
58973,13638.7831038013
58944,15537.7047046947
58996,13371.6027848107
58976,13799.036069907
59039,13779.525870787
59012,13743.351097415
59094,15787.264959753
59079,15894.4084845647
59104,16384.5497546337
57604,12930.648046084
57651,15560.189569849
57680,15658.0610692033
57666,15648.5528356617
57698,15324.9821114347
57747,14970.297946939
57734,15030.623015134
57781,14724.284185708
57818,13676.8320828183
57797,15885.051286625
57825,14309.478295917
57366,15857.5216448907
57393,16251.951902738
57377,15126.3544048637
57431,14447.3833936673
57413,15145.2112484357
57461,14416.9214400823
57499,15041.7080476427
57473,16353.939269585
57535,14320.310615267
57508,15581.920236813
57558,15966.8122202963
57595,14085.6484489597
57576,14824.9414915783
58142,15233.0322011263
58118,14981.8226701177
58146,14567.6166099713
58231,16004.6544615697
58268,15885.2246249663
58242,15957.6485770474
58288,15091.006347728
58272,15659.721554278
58322,15958.3281423373
58305,15095.8569069367
58352,14922.5763149727
58341,16479.9839754477
57864,13163.9483976813
57861,14116.567292266
57950,15639.2388870607
57927,15919.9142138223
57972,15870.856629735
57959,16223.963695142
58007,14922.0937578537
58041,16560.3144127583
58031,15018.3178228767
58066,14735.715397431
58107,13513.1640666953
40217,15254.6778803433
40203,17102.520639391
40246,14438.8980383507
40287,16213.723039673
40263,16571.004503867
40296,15203.7654857643
40295,15317.3415941027
40335,15033.3899099913
40360,16650.079399085
40408,16164.9353754216
40394,15100.5786171003
40443,13603.5559917167
40424,15611.176626688
39963,14969.4655300313
39950,16516.664065374
39989,14683.0895708437
39975,15024.7112815763
40012,16710.2784653217
40044,14695.8639241737
40090,15469.5531076337
40076,15325.8676901287
40115,14185.5143956697
40156,15667.817616236
40128,15048.098912702
40176,15409.0747138103
40160,15743.846335054
40722,17135.4168652977
40762,14819.1346755913
40746,15787.7037340813
40792,16520.5036715983
40776,14818.760096617
40830,13051.2866961803
40814,15849.815780349
40848,15125.01183461
40839,14849.2493540957
40876,16179.3526371347
40914,14505.734437477
40902,15025.779936395
40936,14736.9790857767
40476,15927.8444368827
40462,17172.3293174227
40497,15641.874798368
40485,15814.8251294973
40532,16797.9607919633
40568,13350.084871984
40550,16070.056048585
40596,15086.111806558
40638,14225.2091774313
40608,16075.902272948
40659,14603.9287015567
40698,15134.558014921
40682,15236.4243203927
39195,14025.4377389697
39182,14656.9157024
39208,13490.0152148563
39262,14844.4778634177
39237,16463.0919437677
39276,15357.054311734
39315,16005.910913727
39354,16172.8274752233
39342,15819.1668649423
39376,15962.2950487307
39373,16275.7040088857
39406,15371.4550526493
38935,14022.1524150827
38916,15136.5000294934
38953,14745.748461553
39001,15215.9533041407
38979,16688.9524323123
39029,16002.438930183
39068,16412.6372162573
39051,15294.312521271
39089,15604.656734947
39087,16031.003801708
39124,15625.7527713813
39160,17151.0755641013
39709,15211.2239638923
39684,17105.9096657436
39770,15903.906825231
39756,16553.912094639
39794,15417.7637271013
39780,14658.2601900193
39830,15618.9902597037
39868,15099.1704108127
39851,16170.7958386183
39901,15812.2731943987
39882,15975.523685689
39915,15431.488664019
39452,15010.028700481
39424,17128.433145068
39466,13737.5987770307
39514,15305.0871748147
39499,16716.982957259
39535,15542.9456245347
39582,16439.457441039
39567,15434.844147229
39586,16615.899769201
39645,15339.983848995
39618,15629.1330779306
39660,15113.4178921363
38172,14727.680815488
38159,14476.6568320073
38187,16242.54476182
38218,16172.8519793283
38257,15782.8069735253
38243,15950.71993852
38286,15676.0522252323
38327,16253.6058477627
38354,15857.3762619533
38340,15654.8890256537
38379,17102.069564777
37902,14201.4468398883
37949,16381.4336830253
37921,16527.3551236563
37964,14621.3452619454
38000,15240.8931229987
38034,14456.7770390433
38073,16448.0144135373
38070,16264.4879261343
38096,16400.209026767
38085,15842.4595059343
38120,16984.5777496213
38674,14197.6528573923
38712,16292.5083993063
38699,16395.0608631567
38741,15489.4323359483
38783,15203.4602809593
38809,15857.320230897
38794,15412.111740121
38834,16208.5077489397
38831,15853.204880517
38878,15535.0351029877
38853,16256.6763213883
38880,15327.9552282363
38412,15012.080534319
38443,16408.7435983097
38495,15278.2818362367
38467,16546.614931368
38515,15997.5739821883
38552,14901.3080555013
38542,15826.3552286527
38572,16102.5988185283
38610,16006.158664304
38596,15946.138742316
38640,17048.2743547457
37144,16194.7698138393
37131,15377.992893149
37169,15702.98277001
37203,15993.86516262
37185,14595.8962845677
37218,15978.9745579
37267,16671.1281138143
37304,15902.831656239
37288,16184.1426014623
37342,16979.0388261293
37361,15534.8472869923
37351,16301.963713784
36864,14630.8546139727
36917,15522.811121866
36956,16157.662044375
36942,15893.855658791
36970,16091.4936733187
37018,15698.084484114
37007,16595.0533000677
37041,16311.360362187
37080,16597.0406160187
37065,17040.979263588
37096,15947.3746466467
37648,14430.1951531087
37636,14332.1365048713
37675,16101.2328183667
37721,15575.819719184
37752,15331.7219747497
37750,15156.2359515073
37789,16195.7962647307
37762,16032.3874841667
37814,16229.9884732886
37855,17080.1654979043
37829,16095.4738893307
37878,15873.648893802
37405,16403.450731696
37391,15508.258642081
37417,16491.8695502567
37467,15595.9582095193
37445,14600.4162648693
37493,15417.4616300003
37520,14642.586214205
37508,15570.4985571667
37544,15877.3426196847
37586,16984.0939966273
37619,15586.4229764677
37606,16755.7077984123
36110,15424.1529927817
36143,14281.9746164703
36188,16247.2143871663
36175,15664.0365543073
36209,16237.8867699207
36198,16058.748417649
36234,15314.8569033683
36273,16759.2137063073
36262,15887.8793667417
36311,16334.7789560373
36347,14627.5895730453
36330,14873.770803673
35858,15749.8706338173
35847,15711.8324433783
35882,14240.998532331
35932,15623.1022079037
35904,15847.6196638487
35965,14935.8512035373
35940,16013.411609225
35987,16081.6000856917
36024,17018.5684508587
36009,15779.0065134103
36057,15748.034523225
36047,16782.0020611373
36073,14757.352469378
36637,16046.8009704827
36667,13465.854778728
36696,15888.5378734333
36682,15765.2261572317
36722,16385.6742241983
36718,16239.2407594823
36747,16375.3417505153
36786,15728.8768388617
36827,16719.2200543913
36808,16724.5634214373
36849,15241.0760970777
36837,16122.1161947627
36362,16424.634984032
36405,14253.0168486427
36440,16066.5216089077
36430,15502.598725732
36464,16372.3445294323
36460,16168.67610937
36496,15095.306349802
36492,15694.0631441583
36532,16588.485711891
36568,16716.3104132577
36551,16683.380384466
36588,15283.130309416
35088,15947.809388942
35075,15261.0047919623
35118,14377.2899592433
35156,15221.7199175437
35198,14289.8842912787
35182,13748.481509472
35221,14859.0023053107
35257,16555.5084535343
35288,15308.6708328047
35274,16083.0040253903
35322,15841.0245537403
35305,15431.951845354
35303,15013.7161938043
34829,15984.165072179
34867,15784.7992023703
34855,14990.991286441
34888,15677.0083147713
34941,13901.014121163
34925,14560.1405942727
34974,16062.6665268854
34956,15461.08944156
35006,16579.803590917
34991,16634.6415049177
35037,15484.8399322767
35008,16486.8858785097
35062,15652.956369549
35610,15641.8797716153
35598,15624.552206973
35646,15711.4123655373
35673,15394.2746920826
35663,15518.5891626377
35710,15628.723242303
35680,15854.6702323413
35730,16002.678436307
35713,14949.0882953643
35758,17041.2411665617
35792,16419.8467329667
35783,16708.962633481
35831,15321.215591617
35352,16094.0872610357
35339,15532.1368961027
35387,15870.399039333
35375,14966.6305754983
35413,15291.421807023
35449,15474.1491216503
35438,15192.5856118203
35478,15587.211006068
35505,16649.9823144433
35494,16807.2689395057
35533,16263.2056394653
35570,15363.033900761
35559,14891.414865958
34061,15812.6901822193
34099,16166.7753208677
34136,15099.213130307
34122,14703.732633152
34172,16508.4494364743
34155,16412.0831202247
34151,16572.4765085623
34184,15544.8369118897
34237,15680.146527111
34267,15911.5946181353
34262,16041.7070304107
34298,15576.577875597
34279,14350.3385793683
33801,16040.354819909
33855,15755.246783706
33825,15274.768121973
33875,15433.220312199
33860,14534.6956720687
33901,14635.8241264197
33940,15579.8386344103
33924,15502.7518142243
33975,16179.8099342606
34011,15806.9276780807
33999,15819.472928508
34047,16414.6700687147
34022,13801.8123024227
34572,16108.9751260267
34614,16195.957944769
34641,15068.0053117183
34680,13655.9465758167
34666,14474.7000547343
34716,16382.545699048
34690,16498.1545672413
34743,16476.672522473
34778,15374.044988597
34766,15375.8473053063
34812,15424.5503544867
34785,15412.0339327447
34312,16230.214244474
34359,16349.4275597177
34392,15572.1673462373
34382,14584.3805339904
34408,15463.192955285
34461,16449.4481842213
34436,16138.1417230903
34474,15715.9003844827
34524,15798.84597527
34500,15650.9678895983
34536,14966.9852293883
33052,15820.2471319253
33026,15008.833855947
33066,15946.207060462
33108,15899.839316444
33092,15645.6423693717
33127,15786.5627887817
33174,15558.9352536453
33209,16442.0352398613
33193,16795.2947411523
33242,13026.0936876503
33225,16678.822285421
33274,16881.28001882
33251,14788.772522792
32790,15408.1613048996
32828,13821.933117446
32804,16369.4358690883
32840,16356.6120247236
32838,16480.851361566
32865,16526.758534037
32916,15309.2965378253
32955,16577.8446151007
32984,12869.88010605
32973,16177.4279035533
33008,16688.952329384
33007,16575.9872415283
33552,14867.0447873807
33596,15431.7077068923
33570,15818.2855310647
33611,15836.1145629607
33660,15929.6081170407
33645,15032.196786764
33695,15447.429906622
33664,15635.4382415267
33717,16122.109854924
33744,16696.4680661857
33742,16668.272274629
33771,15179.3233709113
33289,16042.566260016
33328,15573.0521958063
33369,15382.4701132243
33347,14550.165190467
33387,15405.8067139966
33436,15470.1777120057
33408,16209.0852836983
33468,16114.3891980953
33455,16463.0253414977
33494,15059.4468210987
33534,16944.2150458873
48412,14274.411932505
48385,14877.692404285
48427,15254.820305363
48475,16003.606123188
48458,16167.176804018
48503,16014.0458505476
48532,14932.705562973
48568,14774.48503379
48558,14803.1216952453
48597,15242.9579263267
48635,15704.931032004
48612,15563.237849442
48134,13281.2919744863
48173,15201.0671515107
48220,16830.2144634153
48199,16804.7669112717
48231,16582.908483127
48265,15026.5540710823
48316,13437.7814408253
48288,14316.040377552
48328,15930.469329221
48380,15551.2675141947
48353,15969.002975686
48909,15335.25717799
48951,14699.043712922
48991,16013.816587027
48962,15392.990485573
49002,17004.051231058
49055,15726.0482719553
49024,16520.3273035323
49068,14679.5418272894
49104,13955.8584092697
49092,15588.5350803737
49140,15826.0118592083
48658,13277.5622362187
48698,15533.0425935863
48680,14832.2228945687
48733,16388.4778169197
48710,14210.375014606
48747,17022.3313283373
48789,15541.186892564
48820,14678.950274895
48856,15916.6054684333
48844,13654.3176066143
48884,16089.937487026
48868,14822.3568661477
47372,13922.125839628
47419,14289.449445634
47407,16507.0670229307
47447,16407.365294759
47428,14569.6236381553
47469,15045.9821932967
47504,14748.415050844
47493,15262.5581763483
47542,16189.725284461
47525,13639.3904422617
47574,16446.7430846307
47600,13883.1308016957
47590,15436.612187261
47122,15358.1481720293
47105,13815.1228676947
47156,14356.4781789977
47195,16581.6936109394
47172,16645.905331579
47209,13988.940401081
47263,13558.0196336027
47234,15091.7347872273
47281,16155.5658099237
47271,15783.807709465
47303,15854.3086637457
47896,14572.8861176987
47895,14333.8550952303
47935,16717.3453617133
47911,15281.7186875147
47944,14576.7664600983
47993,15474.6282710023
47982,16361.005062321
48021,14600.0313001437
48007,14696.46229083
48042,14855.6534979497
48092,15885.997690749
48123,14320.5485761583
48102,16689.7656500913
47626,14008.33939669
47678,15558.8491896017
47649,15329.9275070457
47691,14915.1023783293
47742,14111.23849142
47768,14427.8060991497
47753,15282.1290578773
47800,16009.9954488587
47787,13577.4746533327
47839,16742.036087429
47810,15642.1724343993
47869,13439.2210411733
47854,15414.031312812
46344,16416.2553139513
46398,16843.234515975
46382,16410.7465182807
46420,14705.5369331217
46405,16849.1589229567
46452,14939.0406482127
46438,15374.772016568
46479,13774.117639063
46506,15763.8825677173
46548,13759.4414567583
46535,15046.213206972
46569,15145.9134772297
46103,16284.9862596177
46087,16052.9046030017
46126,16362.0383003893
46172,13964.8928455953
46157,14746.2220275853
46196,15429.7718282843
46182,15563.932433861
46218,14489.6422008417
46266,15381.5534643803
46251,15858.3562826883
46290,13931.0016216463
46320,13880.51371953
46307,15208.3343192363
46868,16560.8806684573
46849,13927.313425338
46897,14806.0365212857
46884,16601.7888111713
46922,16719.623272668
46969,15369.6659483967
46956,13072.6739182537
46992,14716.9695192663
46979,14925.966018584
47031,15739.1316715657
47056,15838.2737644607
47044,15938.87700492
47081,13146.4996879083
46622,16597.725990243
46605,16298.4071544523
46640,15932.150356998
46681,15225.5434378263
46657,16633.894682255
46710,15608.66736507
46745,15618.601026048
46733,14506.3539926967
46781,15840.3251013487
46759,16345.6867297257
46793,15601.2847002363
46833,14423.7763597253
45340,16257.258198324
45326,16392.6767892023
45361,16397.9620326447
45348,16651.778642909
45387,13991.210170596
45430,13908.824015446
45458,15862.7541741397
45440,16260.1085316743
45494,14643.3226404273
45528,14334.833252326
45514,13166.4304378823
45552,14980.7669688067
45543,15664.0516483573
45067,16569.0150416187
45106,15594.6302685223
45093,16753.3104557113
45130,14812.306926418
45160,14106.7093701157
45210,15876.745317979
45190,15989.4608243483
45225,14717.6692351113
45274,14640.5281926293
45262,14675.7099652617
45297,15594.998932394
45284,15628.0125379837
45847,15740.837197967
45880,16665.8824572563
45913,15191.9449088547
45895,15033.5932233483
45940,15203.0357906163
45935,15423.619329588
45970,16102.5867723197
45956,14449.775156928
45984,15749.0902996417
46025,14034.2327851973
46078,15236.2678635503
46050,14149.7456913633
45591,16355.4348385613
45574,15504.79457582
45610,16824.9356661643
45655,15126.5748803087
45694,14461.4216920613
45722,16010.0260092073
45705,16119.2049956637
45741,15479.3094894667
45772,13200.2050033583
45808,15435.019867451
45799,14801.4281741283
44296,15855.4536861063
44348,13992.9495066477
44380,14602.7403173933
44366,15668.8179896467
44401,15822.217059607
44391,14820.933824051
44417,15134.769229347
44462,14664.0131737796
44488,14869.5777061337
44542,16754.1379268867
44519,14668.7446469477
44044,16304.6800031477
44094,12793.1467608853
44121,14832.7981971893
44101,13924.6206556704
44138,15265.5105835767
44190,15111.7621391977
44173,15475.9440267207
44204,14048.3515822813
44252,14786.396448741
44235,14872.2388880783
44285,16498.4599470777
44270,15953.053536318
44816,16201.9426332677
44804,16635.292232241
44833,16616.4482486333
44874,14141.4461800747
44922,16002.45246889
44908,14114.842358273
44957,15345.349120726
44986,14428.201691591
44960,14732.960599368
45003,14368.4765102203
45042,14796.5064480563
45037,15491.2587470763
44575,16652.0608637387
44558,15939.5196295907
44584,15757.9693873823
44626,15580.4379437013
44667,15522.891768896
44652,14661.8762303387
44698,15286.9216070363
44686,15021.4190451303
44715,14970.164178925
44752,14549.2115478403
44796,16151.7367613607
44771,14717.851049393
43282,16156.4749146527
43266,16319.5268070657
43306,13718.9209023963
43357,15109.98252682
43384,15422.013087693
43369,14697.782141494
43419,15256.7311626907
43401,15747.055451348
43397,15444.5183042797
43447,14755.5969145143
43477,14668.3075409183
43515,15507.8111419107
43502,16120.702079972
43024,15836.8064193677
43009,16305.5110958623
43060,14080.8649599617
43101,15491.9673747137
43072,16683.1170724163
43134,15653.2743739596
43118,14756.717784013
43159,15546.0790526797
43192,15009.7546059947
43180,14919.2414962063
43217,14699.88361001
43202,14914.2919469967
43240,15291.3462485413
43806,14732.2148757117
43836,12622.2951360303
43866,14571.3900674137
43842,14407.514723376
43888,14505.805079136
43929,15073.9288996023
43919,14791.1155542343
43959,14708.44464928
43987,14675.1790516907
44023,16712.8538807617
43538,16441.953985842
43575,12607.6295535553
43605,14571.1195905417
43590,16433.7050942897
43638,15409.084564561
43622,14968.2577044917
43658,15218.874676931
43708,15065.2700845167
43685,14228.2125587677
43726,14933.7811553607
43767,15133.258364928
42256,14684.1575711237
42247,14878.5032972457
42284,16202.5138933837
42332,14749.54260462
42305,16091.3600154723
42358,16017.8520045753
42386,14391.7204348247
42430,14668.9486650713
42403,15839.1230090913
42449,15757.2786212153
42437,14574.9227212197
42472,15032.3430682263
42010,12781.115241371
42007,12841.0425080163
41987,14934.334085268
42032,16996.2769163547
42021,15285.707906099
42057,15357.189658861
42108,15772.4748364187
42081,16008.1644750137
42135,14815.3715028403
42162,14795.5222286633
42151,14891.08696519
42185,15888.994149126
42228,15518.3731425583
42214,14744.408489063
42775,13308.556939015
42808,16651.1594889013
42784,13709.1906181883
42837,15335.9463569507
42821,15955.1826045117
42860,14933.772578414
42898,15517.8614842553
42883,15958.22394417
42930,14510.003146714
42919,14737.5568393143
42965,15069.9387727947
42948,14538.1635661257
42998,14637.3604486217
42983,15327.3860601303
42506,14996.863699971
42555,16886.302260946
42589,14536.659578171
42567,15864.6534468533
42592,15114.1246088567
42625,15867.6452370527
42676,14555.7079201733
42657,14906.4232732613
42707,15398.497640458
42744,15443.2445733737
42732,14842.4062564164
41233,14509.4039887093
41274,15956.4193353997
41261,16054.2655771687
41310,16654.243024112
41285,15131.6840115153
41320,16127.147277397
41364,15991.9000108387
41400,16064.189128216
41389,15494.7357708303
41431,15373.5578169137
41469,15249.5700226627
41442,15070.9370598473
40991,16757.939360306
40966,12886.6105139633
41012,15860.7802207467
41007,15799.2522038933
41037,15003.6068549853
41085,13826.154834319
41057,16602.2764892133
41107,15275.0183652737
41089,13321.4236684073
41139,16338.5083451163
41171,15154.0336069813
41157,14467.8079848673
41206,15181.5362572733
41754,13725.4838224577
41730,15055.50598519
41776,16708.219765918
41774,16955.595050698
41813,14820.597424361
41840,16047.737451763
41829,16155.2158935563
41860,15362.344553677
41899,14624.9109776593
41940,13824.8346937203
41982,15717.7984776977
41966,15574.6934497327
41490,13279.6668760233
41530,15162.0597377713
41504,17090.3139435093
41554,14569.0485461273
41540,15851.1687332663
41582,16257.5537952627
41631,14957.2311628187
41663,15996.3685612023
41690,15406.9174800173
41676,14551.2280335393
41726,15357.7567098537
41701,13992.500753308
23818,13760.9490132937
23861,16606.865755185
23896,16008.9568304333
23886,15821.7674370067
23934,16027.42133972
23919,16213.123709877
23955,15167.4538242153
23995,15911.1025633683
23981,15362.8212318383
24020,16762.85257363
24005,16426.0530109283
24054,13816.6813214857
23569,14859.096412678
23608,16657.9409465017
23590,16540.9042797377
23631,15843.8930587397
23664,16390.9612773463
23705,16222.971590115
23694,15229.436994172
23733,16405.1029994793
23719,15713.8030977543
23766,16578.098434177
23792,15423.2063001013
23778,16696.8315173097
24351,15717.8177341657
24327,13994.6999157096
24363,16809.2929391316
24403,15049.1986730073
24436,15762.506639448
24422,16697.3118334747
24463,14894.0420503237
24498,15451.1605223737
24484,14468.3236564147
24523,16314.3826721287
24567,12940.0704694053
24088,15219.0847443243
24075,13882.0448485373
24125,16501.1391920407
24107,16425.326865818
24103,16846.3462042927
24136,16420.473781089
24178,16158.3837168513
24217,15981.113320292
24202,15531.4160691427
24247,15632.2251346307
24231,15488.593267216
24269,16531.2490298873
24308,13834.00091449
22812,15844.901142506
22790,15410.4411546493
22833,16970.2437756457
22822,16688.197669068
22850,16865.18775509
22900,16310.4327040903
22936,15797.952859226
22933,15713.4193185067
22970,16495.023973142
22965,15833.3490582337
23004,16630.464615054
22976,16455.2888295883
23031,14373.044094833
23013,15743.3494475427
22537,13493.476495375
22590,15913.6156142147
22562,16459.6883972277
22609,16593.03681437
22651,15782.930524302
22634,16730.8162505507
22687,16359.167674675
22658,15010.942389645
22710,16073.8354037883
22748,16186.0545450197
22733,16836.928348944
22782,16001.521543453
22752,16087.9322566566
23316,14867.2580848953
23344,16850.215847139
23388,15805.3725526607
23362,16643.357929855
23413,16085.353353854
23450,16308.0141654543
23427,15983.086208607
23475,15795.8134974213
23459,15818.1288732117
23488,16216.336402235
23536,15631.6589453537
23520,16646.1990133633
23063,15291.8839968546
23099,16662.2120385953
23079,16773.3130096057
23126,16406.9409394337
23111,16688.498284867
23149,16910.8249278393
23195,16270.039251883
23176,15760.0122910727
23229,16292.274311956
23249,16978.435991591
23289,14143.621333264
23276,15222.03399795
21777,15145.326467309
21764,15687.7487520787
21800,16672.572446859
21850,16363.115723874
21832,16859.468107844
21872,16604.4056038243
21914,15861.4400831363
21900,15446.1754668793
21950,16002.2249157137
21927,16475.1028849717
21960,16986.3778375253
21959,16489.497149659
21993,15728.2568309797
21532,15480.6043246343
21518,14526.5999476827
21545,16687.8503830137
21586,16411.967879083
21616,16650.484051441
21660,15841.774152784
21647,14821.7898350337
21678,15891.4045128917
21727,15086.605475767
21754,13948.183675751
21751,12890.5165759013
22297,15795.9649848707
22284,13180.9327570583
22334,16314.622531041
22307,16363.7048691843
22356,16511.749288571
22399,15258.096093778
22369,15765.008547659
22416,15450.1718695063
22406,14807.8308082813
22451,15894.7705410987
22432,16425.424374239
22481,16492.5107795817
22470,16638.4187403563
22515,15392.057698849
22044,15823.1153467143
22019,15939.964093801
22056,16789.6296465073
22108,16371.7167522933
22092,16735.895830401
22135,16268.7230202417
22118,16415.5676674563
22164,15318.0338236057
22149,14910.8992141633
22195,15935.4321671763
22231,15847.435342002
22266,14234.585617506
22255,15664.1727992777
20747,12962.0518420913
20795,16868.5671117257
20779,16247.1850189763
20829,16273.6101033357
20804,16617.073506608
20849,16627.347318375
20890,14258.8676374493
20877,15284.713976195
20910,15730.9296452177
20945,15777.852939243
20935,16351.8985697563
20975,14148.5797076303
20507,14993.072145857
20483,15516.3341116677
20520,16215.7628116457
20519,16562.2524311737
20555,16079.534855989
20594,16574.9382196877
20578,16039.000596396
20630,13989.697342532
20665,16374.9763718437
20661,16213.7325383977
20698,15799.6195790273
20682,16198.5970712283
20720,13972.0935984383
20705,14705.4382175313
21259,12805.7871500167
21309,16831.410437132
21281,16052.603159973
21327,16234.3661673573
21355,16604.895376782
21406,16193.3531072143
21379,14911.221389261
21427,15938.612433328
21470,15238.656218372
21443,16352.2360041203
21489,14171.3107968393
21475,14348.6919477953
21011,14603.8146154434
20994,16281.3148926807
21040,16623.6245389957
21031,16514.6582793956
21069,16480.527824628
21107,16635.252939021
21092,16261.073050067
21128,15794.275709084
21125,15728.0293635307
21164,15945.4058188826
21196,16510.7051904407
21241,13059.442407515
21227,15044.4308231823
19730,14281.1454554343
19717,15341.16542383
19755,15972.3627538657
19792,14937.673853141
19777,16363.2276136267
19828,16589.8731246337
19809,16165.8236854023
19860,14009.6186774357
19847,15405.6601555837
19885,16396.4943089203
19922,15355.2195933593
19909,15785.0572764927
19959,12834.7285466177
19942,15829.759442905
19471,15199.3065353163
19498,15841.0092032057
19547,14792.004123905
19535,15029.6421383023
19571,16854.8707914357
19611,13882.8064750723
19597,15297.390980219
19647,16122.064536121
19618,15570.4042650023
19664,15502.9810980333
19651,15564.5179594273
19701,12750.4977675987
19683,14370.716314308
20236,13543.9580719367
20277,16005.622190069
20259,16188.1772918167
20309,14944.465667238
20295,16081.5288236234
20320,16104.5319394937
20372,13998.4209990093
20410,16764.5449816373
20391,16532.018177784
20438,15736.4294214957
20479,16756.7658766113
20450,14447.1872892013
19989,15533.1263048817
19973,15274.3901665717
20009,15918.8178274527
20059,15245.5948306863
20033,16364.047374417
20094,15942.8898006903
20067,16148.1362130527
20105,15530.0429431333
20156,16966.075948692
20143,16399.05620201
20176,15737.9098179757
20175,15683.4653399233
20213,12783.598461359
20195,14291.6591302137
18702,14969.1929726067
18742,16304.1652716657
18727,16065.0069131457
18767,14866.2738907223
18793,16660.1802361363
18842,14110.9540846097
18819,15546.390672358
18867,15529.9770333043
18853,16592.7604985037
18882,15170.5260055363
18928,13691.0940421583
18915,14897.591628927
18454,15290.5832550323
18488,16228.1376215083
18486,16071.9549835477
18521,15109.7893250563
18498,16662.2494069993
18538,16296.2234494207
18581,13693.1276367697
18621,15581.7234280633
18597,16664.573154013
18637,15625.122107431
18674,12990.927171702
19226,15470.2562414347
19212,13527.1849894194
19262,16483.2328651783
19294,15132.2826897127
19271,16470.361507526
19309,16200.176162307
19353,13981.6537758863
19341,15518.1124764623
19391,15837.768145011
19375,16507.93879537
19409,15365.2055638963
19396,15471.0309290407
19437,15664.570786308
18974,16319.4225725023
18959,14987.6159183727
18994,16816.7180936113
18979,16876.00406837
19030,13554.9332476964
19066,16027.9485105724
19055,16514.72439161
19090,14913.6944875127
19129,15222.6594369253
19163,16186.3694590403
19150,15246.967941429
19198,16421.988697283
19179,16146.1323288727
17693,15918.2373290547
17666,15126.127141056
17719,16085.5293203177
17748,16093.385842181
17731,16341.702290515
17781,15511.9042235083
17762,15483.3880689467
17808,14109.723708648
17797,15406.0193315417
17846,15418.6029742854
17873,15740.0151719047
17857,15164.4656086717
17899,15758.3823332203
17424,14859.285480539
17408,15155.2713894787
17451,16824.6507817333
17490,16165.5847075143
17521,15976.9367623173
17561,16052.8823003193
17536,15632.104769102
17596,15912.7398319863
17573,16741.5001804683
17608,15994.2763478724
17652,15077.9777897387
17635,15173.2181188293
18199,15626.1070811407
18232,16493.81772753
18219,16552.3311128357
18271,14564.625432137
18252,16243.026437432
18299,15065.59001338
18272,14929.475999144
18333,15474.259590351
18315,15305.312873453
18354,15100.897934043
18341,16710.6430794093
18375,14884.787118809
18409,15811.1005205347
17937,15373.542678869
17926,13664.8776637047
17954,15860.9891198363
17992,16366.5426883877
18040,15261.724579679
18039,15305.0308484813
18079,16447.0425099153
18053,15295.514885418
18102,15206.4771053447
18140,15055.3472004173
18115,15429.6981073863
18161,13119.5530477557
18159,13386.5500780603
16660,16560.9436138293
16646,13593.123786457
16684,16550.5879208947
16722,16627.8710929037
16763,15925.1072453293
16749,16120.1210578167
16777,15242.350353131
16826,15959.3913283207
16812,14937.2635725123
16860,13618.133559476
16838,16035.4847757723
16874,14796.466247507
16411,16682.980698883
16384,14474.9480155873
16439,15822.2443539613
16477,15795.3767760793
16449,16666.838605692
16498,15543.310420497
16485,17027.129182524
16520,15585.5737867903
16572,15727.921085293
16558,15247.777185108
16597,14858.9565450503
16581,15734.2215900087
16617,14315.384722332
17176,16149.7085340343
17162,15314.8135172253
17214,16337.6693707853
17189,16095.872109856
17236,16160.188070564
17218,16197.045278042
17266,15557.111371821
17307,16302.7246684803
17287,15428.6744857143
17322,15134.5413259927
17368,15458.6133473707
17354,16358.210240766
17403,14898.101777253
17391,13946.1545566187
16927,16023.3089983763
16958,16297.2135485873
16934,16518.0641665327
17018,15652.4718398913
17003,16454.118159938
17055,16484.4057752547
17038,14773.245458282
17067,15107.697351101
17118,13882.228819358
17102,15472.1965096447
17144,15933.5332746083
17123,15332.2952417773
32011,15014.319969749
32059,15256.4743854487
32032,16242.5130722227
32084,16827.385656742
32123,16237.6978929257
32108,16083.3138725993
32147,14606.7175660837
32186,16701.1818011507
32173,16371.015540056
32209,13113.351118947
32250,14355.68706175
32231,16559.97669965
31754,14882.9926545417
31803,15765.821395556
31788,16101.5238045103
31835,16367.451423638
31822,16830.1123438957
31849,16702.3928950527
31891,14786.5412055233
31931,16514.192600317
31910,16623.170198941
31945,15076.259922468
31997,15152.8708107147
31980,16358.5897465567
32531,14949.0035251477
32519,15681.6958007893
32555,16142.979571679
32592,16345.827955767
32576,15932.5687398583
32631,15718.1489432063
32667,14660.0887195897
32648,15581.5261096647
32703,16790.9455482303
32687,16544.952189351
32721,14169.5301482913
32708,16707.259923839
32746,16374.7016679827
32272,14953.3142229333
32261,15615.7122654243
32300,16251.9325097577
32343,16865.0998232217
32382,16522.9165068247
32353,15974.725271829
32415,16425.4148697454
32388,16263.915086254
32436,16481.848315035
32473,14195.187456057
32455,15781.3183056087
32485,16145.3961850347
30985,14930.505124247
31028,13541.1825015783
31012,15337.78050415
31050,16823.3604422293
31100,16266.467513614
31085,16532.821153027
31120,15684.539431203
31160,16288.6227458733
31159,16286.8096018547
31193,15930.1144711587
31173,14458.0772566126
31221,15231.1796387117
31205,16621.64402859
30729,14828.572416735
30774,13261.483111474
30809,16441.2895576617
30798,16782.891282209
30835,16039.8091673897
30822,16923.3663149433
30867,15651.3083812533
30855,15617.3896068553
30888,15625.461079924
30886,16037.690965372
30922,16138.4089821097
30973,15656.986585565
30956,16536.444119287
31504,15258.0877157433
31536,15650.488609961
31572,16975.994780747
31615,16378.7588439437
31645,16320.0376838787
31626,15791.2852793843
31674,16248.3001906834
31648,16438.4624158383
31688,14737.3528331793
31728,16814.0161843093
31262,16136.1777228377
31246,15170.465409962
31273,15828.1383810623
31322,16381.582368716
31307,16785.8897634473
31301,16132.6046842037
31338,16618.1347805517
31389,16343.7458266017
31372,15710.0369024517
31408,16108.0743402277
31448,15966.338551364
31445,15936.730913868
31429,14574.724836777
31470,16439.115620708
29981,15717.875306918
30009,13362.64967055
30006,14103.797579163
30045,16376.6249510457
30016,15328.8739999647
30070,15963.5908507094
30097,16026.896197421
30085,15807.667476572
30125,14005.6681373227
30152,15594.0313999567
30197,13810.8116584187
29721,14965.4749300333
29697,16327.1379666793
29740,15400.51607594
29776,15192.1536213213
29760,15239.9592706243
29823,15988.1688022183
29807,16115.5002642787
29847,15843.2570648747
29874,16096.9302652617
29912,16602.0989923783
29898,16055.790832416
29944,13944.1454465813
29943,13854.3380319286
30488,15299.5279899333
30464,16548.8381110387
30518,13484.67547747
30500,14711.9595923383
30537,16654.547872784
30569,16697.0262452767
30620,16206.0791263833
30648,16218.2154502357
30636,13969.5877764973
30664,15589.5178277567
30697,16429.0041403607
30232,15191.7046683697
30264,13447.2846513287
30251,15504.0756151753
30288,16537.4847405603
30332,15992.2496295417
30308,16696.192687088
30351,16213.7717414957
30389,16251.1461195843
30426,15748.8612421823
30415,15848.006972878
30463,16572.706850558
28958,15996.9749225083
28986,14332.0367907377
28972,15416.396691303
29019,15758.6356570477
28993,15429.4777528147
29040,16046.823627806
29037,16133.1121213783
29075,15919.2774508417
29112,15762.2073612623
29097,15718.5643479883
29150,16482.3873847987
29132,16215.380436515
29168,15378.3994808793
29156,15548.5874387743
28694,14992.488513421
28732,15118.746386017
28709,15524.1916361017
28747,13912.8515736277
28794,16012.923522284
28768,16347.6948411547
28818,16084.751838505
28806,16216.4523841837
28852,16139.8458170587
28834,15879.0812691873
28878,16596.9527690647
28914,14682.0656310103
29456,15132.0098558993
29445,15387.03717188
29473,15326.3995840947
29523,15013.8073465593
29510,15156.0992445527
29556,16224.0135773507
29542,16274.6341949167
29581,15941.3589220213
29616,16092.2538031493
29603,14811.1494262983
29642,16152.127194704
29684,14055.4031954427
29667,16015.393026465
29202,14854.2345725993
29190,15105.381933699
29226,15182.4527825433
29267,15000.4453341796
29253,15386.1215875737
29303,16121.114290278
29283,16732.3903011933
29320,15929.6166764437
29370,15731.71769258
29357,15762.175181218
29392,16533.5839931043
29378,13118.3037325137
29439,16535.738146919
29420,15882.2863496163
27921,15035.1196272243
27909,15367.2854530417
27948,16063.2330108387
27984,15098.594985037
27969,16433.2750430723
28011,16193.8045563627
28060,16078.3247224767
28032,16569.8036251643
28066,16003.5324032727
28105,16166.422639094
28152,14084.9043066777
28143,14984.5876189227
27666,15131.816985865
27650,15553.779647921
27691,16017.268481255
27743,16273.013758512
27716,16448.0486322603
27762,16282.7049386497
27805,16125.4284439627
27779,15956.1851591673
27828,14697.7329246483
27866,16294.888103737
27850,16126.7087454783
27901,15886.057381521
27878,15624.8346302133
28424,14906.8645889857
28475,14732.299443058
28462,15621.5210040907
28497,14345.1619319373
28481,15793.4424908793
28533,16180.5281029683
28519,16197.7962676017
28549,16406.543801576
28585,15904.923598475
28583,16176.7555818333
28623,16680.0387355337
28649,15472.786342683
28189,16508.598626069
28216,15695.6305175377
28249,15799.742605163
28236,14152.0544815023
28283,16209.5786430867
28269,16162.4073987
28318,15961.8595936347
28303,16409.4895385033
28330,15802.496100218
28382,16200.737292223
28363,16241.138670745
28413,15910.614241737
28385,16242.626760471
26892,14644.3243168587
26938,16143.6416710063
26926,16050.2957336403
26964,16209.462845022
26948,15713.9209048927
26987,16662.0078570597
27037,15706.039333181
27067,14239.8091008197
27047,15562.4647467083
27087,16529.5430848277
27134,16082.997333912
27106,16115.243277426
26645,15540.9362915264
26679,16333.0738151114
26717,16072.762365577
26703,16224.9511718787
26750,16067.9494745273
26722,16402.9799207707
26760,15497.141828082
26813,14138.8949209767
26786,15465.5286936053
26835,16620.1809566543
26876,15052.1908296867
26848,16082.6026534917
27410,15154.1302760277
27452,16118.2040206616
27436,16038.113144623
27473,16369.9643035417
27456,16199.595958976
27507,16516.617195002
27490,16447.8948720863
27541,15952.4520509327
27526,15886.2478966653
27574,15038.6434118083
27615,16443.1453601287
27599,16621.1555454263
27635,14687.6013234713
27621,15707.3117508397
27159,16241.079300839
27192,16357.8218596667
27180,16042.9849135443
27230,16340.149844626
27259,16465.0894830227
27242,16648.9822598927
27289,15725.899842186
27269,15942.1221574587
27305,14497.908778502
27358,16334.3946934037
27332,14826.2063199267
27377,14897.5696100053
27360,16353.933898354
25864,14511.000606366
25914,16294.176233929
25894,16387.1908581457
25930,16180.239495844
25981,15846.0924025943
25959,16805.9575546853
25986,15877.31557152
26026,13926.402511045
26075,16253.5185825927
26054,15921.507150211
26102,13530.8777733583
25625,15117.0440603263
25615,15606.7546949867
25640,16642.8918884217
25694,16489.835901934
25664,16317.8267959167
25727,15977.6518269507
25702,16636.2299934103
25740,14578.0850383177
25789,15178.9760979333
25770,14041.2785917307
25819,16201.6553811717
25795,15246.9404657173
25847,13348.793387116
26393,15056.137248984
26379,14509.7945308067
26429,16288.1539615537
26414,16076.6212456437
26459,16256.6255421557
26435,15730.0956806194
26474,16655.6406795827
26513,14854.791855204
26502,15213.4166673857
26530,15191.849598087
26578,16634.009093161
26563,14867.5336704197
26602,14471.416754644
26129,15181.142761098
26114,15808.1018881487
26162,16128.067807723
26145,16313.1077483453
26196,15203.3985272353
26234,16159.8749911543
26220,16639.8441536957
26268,14700.3393528607
26251,15021.8717217863
26288,14714.2286375937
26273,14973.8895447854
26323,16612.0401189813
26362,14065.8520308247
26340,16103.706186882
24834,15393.357496917
24885,16779.2268234163
24870,16157.2988769567
24898,16006.4628104607
24941,16012.816321899
24977,14743.2212224637
24964,16173.5581664867
24995,14846.6974814657
25032,16068.629582963
25087,16202.2743176797
25058,16579.0042657633
24585,14284.4170244043
24626,16591.563223429
24611,16447.078041347
24651,16332.9625807867
24703,16333.1774903833
24672,16572.4097301933
24724,15253.1511800137
24760,14996.049348168
24745,14694.3164645383
24794,16431.020052161
24776,16453.2554677317
24819,13583.135850073
24805,16349.6303723657
25352,15312.7360703507
25401,16297.656558779
25386,16623.7104076137
25425,15513.5706061407
25464,14734.7972482827
25453,16499.9699064467
25503,14975.9425079763
25529,14810.1459656807
25514,14133.7514903597
25563,16234.1702537893
25543,16524.866756307
25579,15379.5203367983
25114,15896.6797018403
25099,14297.7516747803
25138,16627.991323947
25126,16254.3966549533
25172,15556.0306558847
25212,15473.9525482437
25241,15279.7669641743
25228,14751.584021811
25269,14573.7874341863
25255,14647.357422529
25302,16197.4579416756
25285,15747.0387657223
25329,14164.629057219
7452,15039.9519199517
7426,14969.037613634
7474,15698.2786174157
7512,15136.956790778
7499,16321.2244039257
7495,16065.375012157
7543,16821.7056734773
7581,16789.4264340517
7565,15274.626827763
7609,15170.8672739813
7597,16239.5097248757
7645,16495.3501605607
7618,15299.7957484053
7199,15851.362869371
7224,15235.1042071063
7210,16050.118017699
7261,15714.8836570807
7233,16493.4886539457
7272,16233.1139628663
7324,16824.8252514447
7300,14876.134955738
7338,16246.6978254543
7391,15842.6401012327
7362,15450.873451751
7395,15224.667008923
7945,13746.3671715697
7998,16174.9199920613
7981,15380.573518657
8030,14607.8631277363
8056,17190.03459507
8038,15044.9732787577
8078,14557.780268604
8113,16250.6082367073
8154,14611.2506332923
8129,15125.6648506317
8160,16342.604537002
7702,14378.4663804537
7736,15469.6955474757
7733,15791.8116863046
7719,15995.833902232
7756,15576.189015362
7804,16648.031194662
7783,15517.473071193
7827,15937.2686500197
7813,14655.360853858
7848,15710.673683466
7902,16422.891940711
7885,15154.7501741503
7933,15070.2176934793
6420,15421.7866417383
6405,14893.450406393
6442,15537.1740196157
6490,16261.779985041
6478,16503.6199354453
6514,16650.0697732793
6497,16523.9671080553
6528,16416.2886001006
6590,16069.0680968847
6616,15744.3496533617
6648,15327.255532849
6624,15202.127916966
6145,15421.9344693697
6188,15698.455314753
6236,16630.6543796513
6214,16729.129085442
6255,16708.5715012543
6274,16559.0758749316
6324,15374.598482294
6309,17045.4243081933
6358,15032.0689845713
6379,13049.3780511953
6935,14827.6712991403
6968,15625.5335466233
6958,15178.7599763447
7005,15970.4329558327
6988,16501.761891137
7024,16744.382343029
7022,16538.652543042
7060,17058.8546100703
7100,15593.73410529
7085,16178.228395757
7122,13173.8830117503
7108,15946.9555954693
6683,15399.7371165897
6657,15326.342003304
6711,15635.149098978
6744,15868.0780231613
6733,16375.97160781
6781,16464.7308988617
6753,16198.4994562637
6792,16163.2390519107
6846,15727.2030519243
6830,15997.208090037
6879,14662.4564618763
6852,15962.37049806
5400,15889.1023002557
5388,16084.8487394087
5424,16039.7372336233
5471,16653.9838790587
5498,16627.5235451656
5486,16522.587477021
5535,16788.7311904893
5518,16642.415301358
5545,16337.8041598907
5595,15223.7862248737
5579,13495.9506233063
5609,12588.7210352417
5145,15994.4083287747
5143,15733.0456787793
5175,15902.4115247387
5157,16312.648121712
5195,16674.3536456597
5225,16041.890034784
5265,16586.5363446347
5307,15034.3252893357
5343,14845.7337398354
5316,15581.4522507726
5344,15120.155531897
5911,15873.40957363
5947,16341.94842306
5934,15929.6291038903
5974,16695.165272504
6009,16766.5837566163
5990,16739.4806699127
6026,16370.6912523697
6078,16124.9382502523
6104,16211.8171500833
6102,15438.8408832553
6137,16004.3621408963
6123,12939.8620114227
5663,16539.447556992
5643,15797.9225528777
5693,16507.5285073363
5668,16273.223254254
5707,16667.7326035727
5745,16745.2122101813
5732,16649.5066200423
5774,16974.164986951
5821,16074.6103292747
5853,15068.5280153533
5837,14027.3006677217
5881,16210.549633699
5856,14704.3694896557
4361,15980.8264646677
4408,15965.9327626887
4396,16026.163682704
4435,16701.6544259577
4466,16561.279114115
4453,16214.6980321907
4503,16407.2219289034
4539,15100.6948615773
4523,16027.6429444807
4575,14964.655661039
4595,14020.6788734903
4104,15504.629709466
4152,16304.1550555233
4150,16200.542032136
4188,16397.119601798
4165,16419.4864473233
4205,16012.0401770267
4252,15840.2080464283
4230,16025.1109516717
4268,15827.6027659203
4317,15066.4124097633
4303,13870.0414271747
4339,14183.8746509706
4882,15989.0883384417
4869,15738.8411799197
4904,16453.50336069
4959,16519.559161117
4932,16537.4167474703
4983,16183.873841757
4967,16069.7238062557
5007,16180.3215232053
5047,15323.7091821734
5072,15021.997466279
5056,15614.60757513
5119,16372.4199902396
5089,14902.0613055703
4624,15868.4551264403
4623,16069.6996546583
4668,15635.0341790837
4663,15938.582996283
4703,16486.225798172
4673,16162.379781602
4734,16720.9278413906
4709,16292.2467464547
4767,16154.9438878957
4743,16043.7606908457
4777,16295.678061967
4824,16317.500525986
4823,16176.8909117713
4858,16303.0146009447
4838,13108.683421228
3343,15977.969697315
3378,15676.2403038297
3362,15729.7164170693
3401,15897.1770982713
3452,16037.512773306
3424,15846.300880643
3486,16180.4799641243
3459,16108.2134586394
3510,15465.8379155873
3545,15287.227946006
3531,14698.0426240947
3571,15015.080073751
3082,16372.698601046
3112,15333.9859382424
3167,15563.685577994
3198,15994.5766188363
3169,15635.5578738897
3219,16119.5990366817
3261,15779.853193989
3235,16260.8918605087
3287,15390.31684021
3312,14154.4514874213
3311,13731.030523106
3856,15840.1819655663
3842,15720.6223457593
3886,15509.6771616573
3920,16727.333429345
3904,16433.6466572873
3957,16402.4875029586
3941,16087.0569528103
3969,16346.2310514613
4022,15654.9494110943
4051,14660.8030761687
4095,15815.4408687857
3601,15978.2769175463
3589,15991.8452466243
3638,16774.5426157963
3675,15825.501235819
3660,15755.134581102
3696,16063.228931736
3683,15745.2349162014
3733,16033.1041404143
3718,15976.863591089
3766,15636.5293275477
3800,15546.3360578933
3785,13861.92761904
3838,15828.372214113
3808,14506.615226691
2314,16270.989665664
2354,15937.6420429173
2343,15864.773499167
2373,15532.1713957814
2410,16066.737904548
2448,16344.3152484844
2439,16231.7225336817
2476,16383.9951037703
2514,14651.6539237433
2497,15859.1497276937
2546,16082.467922531
2532,14358.6817340557
2069,16214.6046059887
2106,16328.6115499777
2095,16392.8157264747
2132,15901.2976781033
2168,16341.3114364927
2148,16100.329497046
2198,16434.209867026
2233,16608.7779978577
2210,16033.7451015487
2260,13962.368162773
2241,15828.198634698
2290,16207.656425494
2846,16027.3241948966
2816,15938.0322464313
2858,15961.083367285
2897,15717.5165323847
2886,15859.797856851
2912,15451.798031485
2965,16533.2370948517
3000,16121.0095264647
2987,16529.9457456927
3038,15018.1386812127
3020,15237.5465117897
3058,15396.647021877
3044,14418.313517694
2570,16248.093131886
2602,15815.930130088
2643,15270.3530848813
2631,15469.2878858483
2671,16390.7370594893
2704,16415.478925078
2692,16006.6126915107
2735,16555.42947062
2769,14301.6171345747
2753,15763.678404284
2792,14541.8771522873
1304,16350.3092994424
1293,16481.059967814
1329,16068.1781081673
1368,14148.6108952027
1347,16011.83952074
1384,14257.6503997723
1436,15464.098709311
1421,15962.2252608537
1456,15666.654209832
1444,15078.8749582397
1474,15820.7760022797
1517,15079.084832554
1037,16511.4975540637
1086,16003.0114323453
1104,12909.6961515673
1088,16022.2408966507
1141,14737.518831284
1125,13340.5701634103
1164,15481.435969238
1214,15333.0858618083
1187,15530.213564984
1235,15140.1756553977
1278,15913.9689451507
1250,15049.2714441247
1804,16444.0668700967
1832,16439.8885860003
1883,15335.8109235137
1871,14810.2203176803
1906,16466.9168575103
1892,14428.0088771163
1939,16325.396836164
1974,15706.6156405103
2002,14333.0775312357
1984,16345.665923483
2027,13588.4570001017
2022,14657.4607067087
1542,16259.4795814827
1630,14709.7398778306
1600,16311.0851782003
1652,15726.2680435937
1637,14298.3556178317
1672,16175.4405034107
1725,15834.113260156
1696,15411.329649656
1737,15953.6791741623
1789,15708.6180969677
1761,15323.9439135647
350,16221.9026875953
370,15288.8155600787
410,14996.7128785123
405,13748.793250602
433,13026.1807473254
421,15306.770777034
463,14557.947100717
499,14811.7795760063
117,15259.447283685
184,16021.7131956503
172,13903.1062945814
212,14652.6622832407
252,14978.569997019
795,16046.2539918623
782,16157.8411436187
829,15250.4479650273
857,13814.328589153
835,15522.1703424263
886,14802.5466511133
871,13810.9728268977
899,15613.375997118
944,14949.3068630633
932,15528.4622139707
961,15203.2402569647
1009,15999.27271647
536,16080.4207498396
514,16285.5933278587
552,15619.9828793097
597,13033.135815167
632,14853.7296771613
630,14572.710941485
667,15417.6166185513
642,15222.2501427787
765,16031.817920422
15644,15957.3649688797
15621,14234.8288093104
15668,15734.7575999747
15651,16420.54370942
15700,15723.507185904
15684,16599.855339523
15733,15656.272419101
15768,14280.5555781193
15755,15104.9319423607
15796,16551.116582563
15832,14540.3557991897
15818,15176.6395266337
15867,15193.328567336
15842,14369.7574357393
15371,16312.8177659467
15422,16591.6274437813
15407,15178.3261718297
15442,16161.0523347293
15482,15381.8817888967
15469,15435.3097538643
15509,15261.3947896003
15551,16279.964972318
15520,15017.0105752133
15571,15764.5351940007
15557,15467.559665361
15593,14852.92170404
16158,16356.5348035347
16129,13269.4955477293
16177,15695.4986204727
16175,15977.2036097443
16212,16289.2885980297
16197,16609.8584008887
16235,15540.7124148817
16274,15422.0207914343
16261,15450.079390278
16297,14940.6582091703
16338,15255.9303613773
16326,15613.142536835
16354,14238.7572616156
15895,16407.6575383843
15877,14431.420839133
15962,15459.2724570097
15937,16592.489249247
15991,15736.749657677
16029,14532.2999235237
16003,15396.701955501
16049,15908.1074341917
16047,15761.3499689263
16083,15154.2566397113
16066,15715.731872398
16118,14988.992104745
14623,16400.8230971867
14595,13698.0913595013
14633,15097.617641074
14684,15880.5095235477
14669,16186.1638747773
14712,15444.093056927
14699,15393.529128445
14750,15524.219938448
14721,15703.658649148
14764,16606.1508808506
14807,13757.489556625
14845,14748.080187827
14820,15325.8860963853
14355,15272.304696039
14343,15795.8023805687
14380,15592.5413835977
14430,15939.9650273337
14404,16685.3302932473
14446,15755.0479459767
14480,16746.2300275247
14471,15746.4110477053
14559,14423.6513803563
14530,16027.5936197433
14570,15145.3607880853
15129,15524.1490852863
15116,16384.695628037
15158,15687.4831397573
15193,15255.6780305283
15180,16423.983361583
15217,15626.8321658153
15200,16250.111973603
15240,14909.2677696127
15285,16826.4566083953
15325,14012.456633101
15302,15486.330335492
15343,15462.4016438093
14868,14836.9585499603
14910,16529.6732776057
14887,15240.3778461953
14927,16289.2773895753
14963,15569.7850617847
15001,14195.6694661133
14989,16492.596198913
15037,16959.6139230597
15064,13625.216738559
15054,16216.5795626897
15093,15073.1337519643
13592,15570.509111036
13577,15276.2076026467
13628,15360.4368786797
13601,14981.100325525
13640,16738.7515847607
13672,15438.0713268937
13716,15538.4918440543
13745,17133.2728593693
13791,15216.8110757977
13762,16974.8615863187
13823,14275.8323849937
13794,16191.13152269
13318,14381.69081069
13352,14758.275423135
13393,16014.6537952447
13435,14986.422016708
13411,15046.7807964763
13446,16333.3746650117
13534,15349.1581777064
13518,16437.4118700807
13554,14306.428464316
13551,15770.898182103
14098,15322.5377954897
14140,16026.2503796413
14117,15090.827895635
14158,16295.9268376723
14198,15247.4098632747
14234,15329.1316242493
14210,15738.1850008413
14252,16524.8527617006
14300,13394.8675571423
14286,16558.6995142857
14334,14092.0941583923
14306,15868.7612556893
13843,15606.729589087
13883,15638.0093473013
13868,15044.1183519363
13915,15276.0994854857
13899,16221.4399525343
13946,15424.775761276
13978,15417.3760632357
13974,14786.1757318733
13996,16883.665455679
14035,15094.3226708563
14074,13588.5647241874
14048,15291.4019479747
12571,14892.4508913873
12555,13761.740071173
12597,15063.8177076167
12632,15222.8633510633
12615,16903.8861098853
12661,14788.8900224043
12697,15619.1382222473
12676,15538.5592043037
12763,15275.0633745393
12742,16812.3260086943
12768,14342.2202940753
12311,15218.906311669
12338,14998.7478545763
12325,14473.1758211863
12371,16165.1639542596
12400,15414.682833979
12384,13322.709355943
12426,16338.2617203263
12463,17186.7028765913
12502,14926.0547216867
12528,15630.6328763897
12517,13598.1508600357
13068,14074.7639980897
13105,15195.741768077
13094,14560.672431976
13133,16448.0102975047
13173,15025.252821891
13203,15829.7397499467
13224,17116.7141886563
13278,15557.9995086213
13250,17108.5831233133
13290,14910.1276338917
12824,15545.960235131
12823,15532.242561253
12848,15488.1583623147
12836,14499.1760809
12877,16590.670289788
12912,16129.5648986093
12897,14440.4974107787
12950,15700.0641746537
12960,16496.904928792
13009,15334.123880672
12999,16379.510774065
13039,15768.992644142
11541,15273.8397414747
11578,15798.9762701853
11552,14707.8192388983
11596,16660.106355974
11643,13064.5333883687
11627,15375.4367174583
11664,16576.8862340787
11649,14622.2725592453
11682,17028.1936562574
11724,16882.253074518
11763,14859.8510737667
11749,13685.7156565447
11284,15387.5782467337
11326,16327.194852728
11302,14878.0102894283
11338,16726.0987325073
11390,14664.3756603917
11375,13325.8282355523
11410,16169.708194933
11452,17172.6848053677
11477,15198.8187767543
11515,14307.8752356293
11491,13419.8277245913
12044,14441.648067364
12082,14880.2824227533
12123,13947.2760784413
12157,13298.71931322
12129,13117.7839816673
12168,15682.6583943787
12210,17151.253213191
12254,14555.943115391
12230,16632.1701839557
12267,15102.0084151993
11797,15260.253574871
11833,15722.927351769
11818,15037.9396407267
11869,13458.8960157803
11898,13163.3800615357
11894,13292.8527445163
11876,14187.3229160873
11912,15813.139822307
11942,17258.572238898
11978,16382.854225893
12031,14172.4837306767
12003,13097.5252996367
10509,15848.7788244907
10536,15378.2731322553
10586,15033.1566270553
10569,16689.462725476
10621,16358.5712556623
10595,14650.596063183
10640,16261.598743322
10630,16425.6164785793
10668,16649.845798448
10705,13264.1840148977
10693,15766.552826114
10732,15414.833503287
10271,14733.128694058
10253,15883.8805074933
10292,16196.2232737247
10276,15451.431070048
10309,16547.568629283
10351,12753.4480308107
10387,15699.1584313237
10429,16292.6222388787
10402,16113.6540481387
10454,15437.45994547
10480,14507.7919265683
10467,14826.8783636447
11025,15507.811537287
11010,13835.9678272363
11058,15367.3159400863
11044,14685.4500689607
11093,16099.5556244373
11131,14876.1415334397
11104,14099.5263094653
11145,15922.3329723943
11143,16136.5589280073
11183,16822.9363587323
11222,15349.840054145
11253,14348.0379491554
10777,14517.7044312623
10753,13615.968208758
10804,15704.1857002227
10791,15235.5366391897
10838,15995.8519560607
10823,16554.4799762163
10860,13654.315678036
10896,16190.3796192473
10936,16622.7527136397
10913,16705.9670869603
10961,14103.0473966527
10947,16579.8685024197
10984,15733.327596189
9500,14489.4427011163
9472,13319.020562986
9526,15838.7635924267
9557,13044.3061571663
9594,16957.2193290723
9590,17070.9442487437
9575,13440.200204343
9602,16627.4453059947
9641,15247.3255957723
9687,12702.6105491123
9713,12795.4213676527
9242,14287.9840370103
9217,13409.7132799933
9269,15657.0639211743
9252,16028.5579088917
9290,16534.32463123
9334,16977.9242844167
9374,15005.5464212097
9345,16738.79620393
9392,15131.2714419743
9434,13905.991652789
9418,13065.274421509
9464,12955.129625587
9442,16152.214275567
10004,14699.9644295833
10044,16620.6715565147
10021,15728.5384144573
10071,14352.3999342443
10102,16756.4519782577
10141,15354.08319163
10119,16390.4137959197
10158,14838.133897971
10205,13941.1710100523
10188,13241.688905434
10228,13151.293569327
9756,14460.1933066813
9786,16327.8744087743
9772,16262.9990813083
9820,13346.0674557773
9804,16486.2362563707
9846,16943.512515604
9864,16214.043283715
9913,15894.7255618823
9896,15793.793158969
9950,14828.8685423513
9923,15218.336270384
9964,15115.0244120863
8467,13680.667076799
8509,15297.1650130953
8483,16005.947685996
8515,16602.1563205213
8548,13601.5411379683
8584,14224.636593353
8637,15247.7619270307
8611,15934.0618811683
8663,13408.930620114
8689,13498.9611542983
8218,14873.8115731333
8199,14908.8290564417
8237,15547.8744023387
8287,13671.7392094643
8257,16269.1711282433
8306,16258.9305488017
8294,14752.6313364713
8342,15471.919325219
8381,14965.5776427417
8365,15785.8741774543
8404,14047.279630594
8385,15484.376877628
8420,15317.7980400473
8971,14880.5954576743
9021,15443.271923165
9007,15505.9581282546
9033,16487.0159090413
9030,16534.4031287773
9071,15717.8430813923
9100,14035.7432564337
9136,15533.699171137
9122,14921.72761428
9174,13054.186537536
9158,15000.3023836643
9195,14020.270348195
8720,14015.860075226
8707,15306.79741404
8753,14936.246207183
8739,16086.903079125
8788,13644.984492093
8828,16746.7991549433
8811,15138.2208837117
8807,13395.4647630577
8854,14763.126634409
8892,15215.4405691363
8876,15372.4027826137
8927,15789.835935045
8958,13223.5058797503
8942,12978.3468649473
69652,13351.7199309347
69646,14650.7523434463
69685,16346.4348373094
69788,13453.5694342557
69816,16356.5471185833
69827,13438.2762854593
69868,15996.5078176963
68872,16363.8079395284
68871,16422.908475834
68905,16608.7228874353
68959,15576.4530915697
68933,16500.9500104047
68980,15901.0091733703
68963,14908.101655418
69006,13369.3955302397
69043,13859.728098904
69031,14016.9077663803
69078,12993.737905438
68626,16612.3718152
68613,16044.5466027583
68660,15648.5002118527
68643,16395.8780309253
68703,15280.5495989433
68676,15694.7490492307
68725,14021.3650189893
68761,16353.1486075487
68738,14368.9591949183
68791,13087.0689782243
68863,16362.4001811327
68837,14993.6585146757
69421,16278.459849968
69450,15544.3375956123
69488,14748.747157041
69487,14614.308576984
69526,13517.0758881317
69506,13894.5346949367
69593,15207.550126969
69571,13450.3110687467
69604,15477.3484138633
69162,16298.0706584536
69215,16344.8954088237
69184,15987.7183781567
69229,16576.9611729417
69266,15485.6345672487
69307,14917.6797106266
69280,14950.4068556357
69313,14430.5595062653
69365,12935.9515348247
67840,15389.727638942
67926,16422.779477082
67949,16656.6213954497
67987,16109.3885078857
67970,15873.073669642
68023,15866.5123916187
68059,16580.0514295587
68042,15389.484954592
68082,14321.4097347213
67609,16633.319365329
67634,16813.737848645
67674,16798.949911771
67651,15967.2016348147
67689,16364.7524347017
67735,15991.8651176343
67772,13561.0181726513
67748,15302.1426973987
67793,14509.172072604
67781,14578.6179974747
67809,14553.567868077
68371,15769.1846102747
68411,14148.112194619
68396,14513.210228336
68445,15745.1325396013
68420,14811.77896865
68470,15369.9816985393
68489,12739.981532042
68564,16113.1614007633
68550,15256.0904190497
68585,16338.683823363
68112,13923.5737280823
68099,14706.4048276457
68138,16161.3326776034
68163,12873.2185517723
68233,15480.9040385073
68272,16525.3676979654
68259,16449.2422184173
68300,16437.4007103517
68329,16340.135979111
66842,14221.9884803333
66839,14356.2451059103
66875,16735.8440502463
66850,13405.9326250807
66891,14821.3891931947
66993,16389.7460639167
66979,16252.6745668423
67025,14895.6619341233
67015,15321.4245257127
67054,16126.1008017027
66578,14045.6318340453
66567,15428.4258214497
66678,16471.9956427133
66713,13364.5879476693
66701,14949.642586937
66741,15633.9650867967
66727,16192.282106304
66760,15165.2789880263
66809,14676.2068796693
66807,15093.816497539
67345,14144.995837159
67386,15713.0149570293
67382,16460.7819048143
67418,16052.3432971057
67400,15943.367762792
67450,13889.8795034937
67439,15258.1488311577
67466,14512.8573016557
67507,16931.2988326013
67540,13984.5539615933
67102,16385.7520050943
67087,15975.5681412447
67123,15037.4133578077
67161,13728.485287873
67149,13876.433564567
67196,16716.119445117
67170,13599.929806011
67213,13673.5517851283
67320,16885.0092322907
67311,16405.061604894
65808,15362.5411964127
65849,15980.1470116333
65835,15719.2573400743
65886,13488.083485951
65870,14157.267212645
65918,15327.9177976327
65903,14503.3285654596
65936,16283.5446834913
65921,15667.3401878927
65953,14399.0395938676
66024,15482.1882297343
65557,13769.1816761207
65592,14050.1876030863
65582,14669.2991766243
65616,15975.3333500813
65615,15857.471162792
65647,13532.3591103773
65711,14873.99668948
65741,16735.4631418983
65781,14876.9943297313
65767,12722.3200508337
66351,15390.3182879047
66386,14865.775996775
66368,16763.7700099637
66419,15749.5752465643
66401,12804.6028772617
66440,15183.7883558037
66481,16075.9826675907
66521,13908.9449018157
66510,13496.210046366
66548,14865.219654154
66532,13929.9690789743
66070,14083.2638436677
66104,15529.621614926
66093,14410.5191566883
66121,15719.2854840933
66170,15623.0567122897
66159,16436.3095593073
66196,13421.2816218747
66236,15895.9131424334
66219,13610.3375586797
66258,14928.979557407
66247,15784.2531631933
56581,14136.5736142513
56628,15911.538592074
56659,15213.043433712
56644,15491.617598954
56684,15704.6521222293
56724,16003.8354671163
56760,12909.5973642627
